stage,row_type,workload,capacity,metric,policy,comparator,n,mean,ci_low,ci_high,delta_mean,delta_ci_low,delta_ci_high,wilcoxon_statistic,p_value,p_holm,nonzero_pairs,rank_biserial,test_family
capacity_sweep,comparison,phase_shift,20,false_hit_rate,CARMA,BEST_BASELINE,5,,,,0.0,0.0,0.0,0.0,1.0,,0,0.0,exploratory_unadjusted
capacity_sweep,comparison,phase_shift,20,false_hit_rate,CARMA,LFU,5,,,,0.0,0.0,0.0,0.0,1.0,,0,0.0,exploratory_unadjusted
capacity_sweep,comparison,phase_shift,20,false_hit_rate,CARMA,LRU,5,,,,0.0,0.0,0.0,0.0,1.0,,0,0.0,exploratory_unadjusted
capacity_sweep,comparison,phase_shift,20,opportunity_recall,CARMA,BEST_BASELINE,5,,,,0.095314474,0.090860984,0.099215778,0.0,0.0625,,5,1.0,exploratory_unadjusted
capacity_sweep,comparison,phase_shift,20,opportunity_recall,CARMA,LFU,5,,,,0.28273223,0.240950414,0.324514046,0.0,0.0625,,5,1.0,exploratory_unadjusted
capacity_sweep,comparison,phase_shift,20,opportunity_recall,CARMA,LRU,5,,,,0.095314474,0.090860984,0.099215778,0.0,0.0625,,5,1.0,exploratory_unadjusted
capacity_sweep,comparison,phase_shift,20,safe_token_saving_ratio,CARMA,BEST_BASELINE,5,,,,0.065533046,0.062443934,0.068212858,0.0,0.0625,,5,1.0,exploratory_unadjusted
capacity_sweep,comparison,phase_shift,20,safe_token_saving_ratio,CARMA,LFU,5,,,,0.251246088,0.222553604,0.279181676,0.0,0.0625,,5,1.0,exploratory_unadjusted
capacity_sweep,comparison,phase_shift,20,safe_token_saving_ratio,CARMA,LRU,5,,,,0.065533046,0.062443934,0.068212858,0.0,0.0625,,5,1.0,exploratory_unadjusted
capacity_sweep,comparison,phase_shift,20,shift_recovery_lag_mean_requests,CARMA,BEST_BASELINE,5,,,,0.0,0.0,0.0,0.0,1.0,,0,0.0,exploratory_unadjusted
capacity_sweep,comparison,phase_shift,20,shift_recovery_lag_mean_requests,CARMA,LFU,5,,,,0.0,0.0,0.0,0.0,1.0,,0,0.0,exploratory_unadjusted
capacity_sweep,comparison,phase_shift,20,shift_recovery_lag_mean_requests,CARMA,LRU,5,,,,0.0,0.0,0.0,0.0,1.0,,0,0.0,exploratory_unadjusted
capacity_sweep,comparison,phase_shift,20,valid_hit_rate,CARMA,BEST_BASELINE,5,,,,0.07896,0.07536,0.08224,0.0,0.0625,,5,1.0,exploratory_unadjusted
capacity_sweep,comparison,phase_shift,20,valid_hit_rate,CARMA,LFU,5,,,,0.23416,0.19986,0.26846,0.0,0.0625,,5,1.0,exploratory_unadjusted
capacity_sweep,comparison,phase_shift,20,valid_hit_rate,CARMA,LRU,5,,,,0.07896,0.07536,0.08224,0.0,0.0625,,5,1.0,exploratory_unadjusted
capacity_sweep,comparison,pollution_scan,20,false_hit_rate,CARMA,BEST_BASELINE,5,,,,0.0,0.0,0.0,0.0,1.0,,0,0.0,exploratory_unadjusted
capacity_sweep,comparison,pollution_scan,20,false_hit_rate,CARMA,LFU,5,,,,0.0,0.0,0.0,0.0,1.0,,0,0.0,exploratory_unadjusted
capacity_sweep,comparison,pollution_scan,20,false_hit_rate,CARMA,LRU,5,,,,0.0,0.0,0.0,0.0,1.0,,0,0.0,exploratory_unadjusted
capacity_sweep,comparison,pollution_scan,20,opportunity_recall,CARMA,BEST_BASELINE,5,,,,0.04385135,0.03412162,0.055945942,0.0,0.0625,,5,1.0,exploratory_unadjusted
capacity_sweep,comparison,pollution_scan,20,opportunity_recall,CARMA,LFU,5,,,,0.04385135,0.03412162,0.055945942,0.0,0.0625,,5,1.0,exploratory_unadjusted
capacity_sweep,comparison,pollution_scan,20,opportunity_recall,CARMA,LRU,5,,,,0.091655404,0.087229732,0.095506758,0.0,0.0625,,5,1.0,exploratory_unadjusted
capacity_sweep,comparison,pollution_scan,20,safe_token_saving_ratio,CARMA,BEST_BASELINE,5,,,,0.045572244,0.039208548,0.05193594,0.0,0.0625,,5,1.0,exploratory_unadjusted
capacity_sweep,comparison,pollution_scan,20,safe_token_saving_ratio,CARMA,LFU,5,,,,0.045572244,0.039208548,0.052527382,0.0,0.0625,,5,1.0,exploratory_unadjusted
capacity_sweep,comparison,pollution_scan,20,safe_token_saving_ratio,CARMA,LRU,5,,,,0.064865754,0.06002275,0.069409692,0.0,0.0625,,5,1.0,exploratory_unadjusted
capacity_sweep,comparison,pollution_scan,20,scan_return_valid_hit_rate,CARMA,BEST_BASELINE,5,,,,0.044666668,0.033066668,0.0612,0.0,0.0625,,5,1.0,exploratory_unadjusted
capacity_sweep,comparison,pollution_scan,20,scan_return_valid_hit_rate,CARMA,LFU,5,,,,0.044666668,0.033066668,0.0602,0.0,0.0625,,5,1.0,exploratory_unadjusted
capacity_sweep,comparison,pollution_scan,20,scan_return_valid_hit_rate,CARMA,LRU,5,,,,0.094000002,0.089533338,0.099533332,0.0,0.0625,,5,1.0,exploratory_unadjusted
capacity_sweep,comparison,pollution_scan,20,valid_hit_rate,CARMA,BEST_BASELINE,5,,,,0.02596,0.0202,0.0331005,0.0,0.0625,,5,1.0,exploratory_unadjusted
capacity_sweep,comparison,pollution_scan,20,valid_hit_rate,CARMA,LFU,5,,,,0.02596,0.0202,0.0331005,0.0,0.0625,,5,1.0,exploratory_unadjusted
capacity_sweep,comparison,pollution_scan,20,valid_hit_rate,CARMA,LRU,5,,,,0.05426,0.05164,0.05686,0.0,0.0625,,5,1.0,exploratory_unadjusted
capacity_sweep,comparison,stationary,20,false_hit_rate,CARMA,BEST_BASELINE,5,,,,0.0,0.0,0.0,0.0,1.0,,0,0.0,exploratory_unadjusted
capacity_sweep,comparison,stationary,20,false_hit_rate,CARMA,LFU,5,,,,0.0,0.0,0.0,0.0,1.0,,0,0.0,exploratory_unadjusted
capacity_sweep,comparison,stationary,20,false_hit_rate,CARMA,LRU,5,,,,0.0,0.0,0.0,0.0,1.0,,0,0.0,exploratory_unadjusted
capacity_sweep,comparison,stationary,20,opportunity_recall,CARMA,BEST_BASELINE,5,,,,0.102584734,0.086048898,0.130503766,0.0,0.0625,,5,1.0,exploratory_unadjusted
capacity_sweep,comparison,stationary,20,opportunity_recall,CARMA,LFU,5,,,,0.102584734,0.086198062,0.130503766,0.0,0.0625,,5,1.0,exploratory_unadjusted
capacity_sweep,comparison,stationary,20,opportunity_recall,CARMA,LRU,5,,,,0.247252138,0.243322098,0.251170626,0.0,0.0625,,5,1.0,exploratory_unadjusted
capacity_sweep,comparison,stationary,20,safe_token_saving_ratio,CARMA,BEST_BASELINE,5,,,,0.069688358,0.058847728,0.084216628,0.0,0.0625,,5,1.0,exploratory_unadjusted
capacity_sweep,comparison,stationary,20,safe_token_saving_ratio,CARMA,LFU,5,,,,0.069688358,0.058847728,0.084216628,0.0,0.0625,,5,1.0,exploratory_unadjusted
capacity_sweep,comparison,stationary,20,safe_token_saving_ratio,CARMA,LRU,5,,,,0.13352124,0.127143608,0.13995048,0.0,0.0625,,5,1.0,exploratory_unadjusted
capacity_sweep,comparison,stationary,20,valid_hit_rate,CARMA,BEST_BASELINE,5,,,,0.07334,0.06142,0.09344,0.0,0.0625,,5,1.0,exploratory_unadjusted
capacity_sweep,comparison,stationary,20,valid_hit_rate,CARMA,LFU,5,,,,0.07334,0.06142,0.09374,0.0,0.0625,,5,1.0,exploratory_unadjusted
capacity_sweep,comparison,stationary,20,valid_hit_rate,CARMA,LRU,5,,,,0.1767,0.17368,0.17978,0.0,0.0625,,5,1.0,exploratory_unadjusted
capacity_sweep,comparison,phase_shift,50,false_hit_rate,CARMA,BEST_BASELINE,5,,,,0.0,0.0,0.0,0.0,1.0,,0,0.0,exploratory_unadjusted
capacity_sweep,comparison,phase_shift,50,false_hit_rate,CARMA,LFU,5,,,,0.0,0.0,0.0,0.0,1.0,,0,0.0,exploratory_unadjusted
capacity_sweep,comparison,phase_shift,50,false_hit_rate,CARMA,LRU,5,,,,0.0,0.0,0.0,0.0,1.0,,0,0.0,exploratory_unadjusted
capacity_sweep,comparison,phase_shift,50,opportunity_recall,CARMA,BEST_BASELINE,5,,,,0.091110466,0.086088324,0.09498996,0.0,0.0625,,5,1.0,exploratory_unadjusted
capacity_sweep,comparison,phase_shift,50,opportunity_recall,CARMA,LFU,5,,,,0.241865974,0.220562626,0.266498148,0.0,0.0625,,5,1.0,exploratory_unadjusted
capacity_sweep,comparison,phase_shift,50,opportunity_recall,CARMA,LRU,5,,,,0.091110466,0.086088324,0.09482503,0.0,0.0625,,5,1.0,exploratory_unadjusted
capacity_sweep,comparison,phase_shift,50,safe_token_saving_ratio,CARMA,BEST_BASELINE,5,,,,0.077456396,0.071496798,0.081685222,0.0,0.0625,,5,1.0,exploratory_unadjusted
capacity_sweep,comparison,phase_shift,50,safe_token_saving_ratio,CARMA,LFU,5,,,,0.24737557,0.226814268,0.271746326,0.0,0.0625,,5,1.0,exploratory_unadjusted
capacity_sweep,comparison,phase_shift,50,safe_token_saving_ratio,CARMA,LRU,5,,,,0.077456396,0.07180227,0.081685222,0.0,0.0625,,5,1.0,exploratory_unadjusted
capacity_sweep,comparison,phase_shift,50,shift_recovery_lag_mean_requests,CARMA,BEST_BASELINE,5,,,,0.0,0.0,0.0,0.0,1.0,,0,0.0,exploratory_unadjusted
capacity_sweep,comparison,phase_shift,50,shift_recovery_lag_mean_requests,CARMA,LFU,5,,,,0.0,0.0,0.0,0.0,1.0,,0,0.0,exploratory_unadjusted
capacity_sweep,comparison,phase_shift,50,shift_recovery_lag_mean_requests,CARMA,LRU,5,,,,0.0,0.0,0.0,0.0,1.0,,0,0.0,exploratory_unadjusted
capacity_sweep,comparison,phase_shift,50,valid_hit_rate,CARMA,BEST_BASELINE,5,,,,0.07548,0.07132,0.0786,0.0,0.0625,,5,1.0,exploratory_unadjusted
capacity_sweep,comparison,phase_shift,50,valid_hit_rate,CARMA,LFU,5,,,,0.20034,0.18268,0.22216,0.0,0.0625,,5,1.0,exploratory_unadjusted
capacity_sweep,comparison,phase_shift,50,valid_hit_rate,CARMA,LRU,5,,,,0.07548,0.07146,0.07872,0.0,0.0625,,5,1.0,exploratory_unadjusted
capacity_sweep,comparison,pollution_scan,50,false_hit_rate,CARMA,BEST_BASELINE,5,,,,0.0,0.0,0.0,0.0,1.0,,0,0.0,exploratory_unadjusted
capacity_sweep,comparison,pollution_scan,50,false_hit_rate,CARMA,LFU,5,,,,0.0,0.0,0.0,0.0,1.0,,0,0.0,exploratory_unadjusted
capacity_sweep,comparison,pollution_scan,50,false_hit_rate,CARMA,LRU,5,,,,0.0,0.0,0.0,0.0,1.0,,0,0.0,exploratory_unadjusted
capacity_sweep,comparison,pollution_scan,50,opportunity_recall,CARMA,BEST_BASELINE,5,,,,0.009695942,0.006452698,0.013682428,0.0,0.0625,,5,1.0,exploratory_unadjusted
capacity_sweep,comparison,pollution_scan,50,opportunity_recall,CARMA,LFU,5,,,,0.009695942,0.006452698,0.013682428,0.0,0.0625,,5,1.0,exploratory_unadjusted
capacity_sweep,comparison,pollution_scan,50,opportunity_recall,CARMA,LRU,5,,,,0.02233108,0.020304054,0.02449324,0.0,0.0625,,5,1.0,exploratory_unadjusted
capacity_sweep,comparison,pollution_scan,50,safe_token_saving_ratio,CARMA,BEST_BASELINE,5,,,,0.008097292,0.00266275,0.013368876,1.0,0.125,,5,0.8666666667,exploratory_unadjusted
capacity_sweep,comparison,pollution_scan,50,safe_token_saving_ratio,CARMA,LFU,5,,,,0.008097292,0.002371148,0.013077274,1.0,0.125,,5,0.8666666667,exploratory_unadjusted
capacity_sweep,comparison,pollution_scan,50,safe_token_saving_ratio,CARMA,LRU,5,,,,0.01786881,0.01586058,0.019964352,0.0,0.0625,,5,1.0,exploratory_unadjusted
capacity_sweep,comparison,pollution_scan,50,scan_return_valid_hit_rate,CARMA,BEST_BASELINE,5,,,,0.007066666,0.004266666,0.009933334,0.0,0.0625,,5,1.0,exploratory_unadjusted
capacity_sweep,comparison,pollution_scan,50,scan_return_valid_hit_rate,CARMA,LFU,5,,,,0.007066666,0.004266664,0.009933334,0.0,0.0625,,5,1.0,exploratory_unadjusted
capacity_sweep,comparison,pollution_scan,50,scan_return_valid_hit_rate,CARMA,LRU,5,,,,0.029199998,0.026066664,0.032333332,0.0,0.0625,,5,1.0,exploratory_unadjusted
capacity_sweep,comparison,pollution_scan,50,valid_hit_rate,CARMA,BEST_BASELINE,5,,,,0.00574,0.00382,0.0081,0.0,0.0625,,5,1.0,exploratory_unadjusted
capacity_sweep,comparison,pollution_scan,50,valid_hit_rate,CARMA,LFU,5,,,,0.00574,0.00382,0.0081,0.0,0.0625,,5,1.0,exploratory_unadjusted
capacity_sweep,comparison,pollution_scan,50,valid_hit_rate,CARMA,LRU,5,,,,0.01322,0.012,0.0145,0.0,0.0625,,5,1.0,exploratory_unadjusted
capacity_sweep,comparison,stationary,50,false_hit_rate,CARMA,BEST_BASELINE,5,,,,0.0,0.0,0.0,0.0,1.0,,0,0.0,exploratory_unadjusted
capacity_sweep,comparison,stationary,50,false_hit_rate,CARMA,LFU,5,,,,0.0,0.0,0.0,0.0,1.0,,0,0.0,exploratory_unadjusted
capacity_sweep,comparison,stationary,50,false_hit_rate,CARMA,LRU,5,,,,0.0,0.0,0.0,0.0,1.0,,0,0.0,exploratory_unadjusted
capacity_sweep,comparison,stationary,50,opportunity_recall,CARMA,BEST_BASELINE,5,,,,0.086623366,0.07587435,0.100000138,0.0,0.0625,,5,1.0,exploratory_unadjusted
capacity_sweep,comparison,stationary,50,opportunity_recall,CARMA,LFU,5,,,,0.086623366,0.07587435,0.100000138,0.0,0.0625,,5,1.0,exploratory_unadjusted
capacity_sweep,comparison,stationary,50,opportunity_recall,CARMA,LRU,5,,,,0.209276984,0.203316168,0.214345092,0.0,0.0625,,5,1.0,exploratory_unadjusted
capacity_sweep,comparison,stationary,50,safe_token_saving_ratio,CARMA,BEST_BASELINE,5,,,,0.077686804,0.064943858,0.09042975,0.0,0.0625,,5,1.0,exploratory_unadjusted
capacity_sweep,comparison,stationary,50,safe_token_saving_ratio,CARMA,LFU,5,,,,0.077686804,0.064943858,0.09042975,0.0,0.0625,,5,1.0,exploratory_unadjusted
capacity_sweep,comparison,stationary,50,safe_token_saving_ratio,CARMA,LRU,5,,,,0.163379922,0.152518056,0.17290124,0.0,0.0625,,5,1.0,exploratory_unadjusted
capacity_sweep,comparison,stationary,50,valid_hit_rate,CARMA,BEST_BASELINE,5,,,,0.0619,0.05426,0.07148,0.0,0.0625,,5,1.0,exploratory_unadjusted
capacity_sweep,comparison,stationary,50,valid_hit_rate,CARMA,LFU,5,,,,0.0619,0.05426,0.07148,0.0,0.0625,,5,1.0,exploratory_unadjusted
capacity_sweep,comparison,stationary,50,valid_hit_rate,CARMA,LRU,5,,,,0.14956,0.1453,0.1533,0.0,0.0625,,5,1.0,exploratory_unadjusted
capacity_sweep,comparison,phase_shift,200,false_hit_rate,CARMA,BEST_BASELINE,5,,,,0.0,0.0,0.0,0.0,1.0,,0,0.0,exploratory_unadjusted
capacity_sweep,comparison,phase_shift,200,false_hit_rate,CARMA,LFU,5,,,,0.0,0.0,0.0,0.0,1.0,,0,0.0,exploratory_unadjusted
capacity_sweep,comparison,phase_shift,200,false_hit_rate,CARMA,LRU,5,,,,0.0,0.0,0.0,0.0,1.0,,0,0.0,exploratory_unadjusted
capacity_sweep,comparison,phase_shift,200,opportunity_recall,CARMA,BEST_BASELINE,5,,,,0.01067077,0.009009238,0.012835436,0.0,0.0625,,5,1.0,exploratory_unadjusted
capacity_sweep,comparison,phase_shift,200,opportunity_recall,CARMA,LFU,5,,,,0.138991498,0.133479236,0.144856276,0.0,0.0625,,5,1.0,exploratory_unadjusted
capacity_sweep,comparison,phase_shift,200,opportunity_recall,CARMA,LRU,5,,,,0.01067077,0.009009238,0.012835436,0.0,0.0625,,5,1.0,exploratory_unadjusted
capacity_sweep,comparison,phase_shift,200,safe_token_saving_ratio,CARMA,BEST_BASELINE,5,,,,0.010237502,0.007608482,0.013483094,0.0,0.0625,,5,1.0,exploratory_unadjusted
capacity_sweep,comparison,phase_shift,200,safe_token_saving_ratio,CARMA,LFU,5,,,,0.13923544,0.133995586,0.144496044,0.0,0.0625,,5,1.0,exploratory_unadjusted
capacity_sweep,comparison,phase_shift,200,safe_token_saving_ratio,CARMA,LRU,5,,,,0.010237502,0.007608482,0.013483094,0.0,0.0625,,5,1.0,exploratory_unadjusted
capacity_sweep,comparison,phase_shift,200,shift_recovery_lag_mean_requests,CARMA,BEST_BASELINE,5,,,,41.15,-180.15,267.6,6.0,0.8125,,5,0.2,exploratory_unadjusted
capacity_sweep,comparison,phase_shift,200,shift_recovery_lag_mean_requests,CARMA,LFU,5,,,,-886.75,-1120.35,-662.3,0.0,0.0625,,5,-1.0,exploratory_unadjusted
capacity_sweep,comparison,phase_shift,200,shift_recovery_lag_mean_requests,CARMA,LRU,5,,,,41.15,-180.15,267.6,6.0,0.8125,,5,0.2,exploratory_unadjusted
capacity_sweep,comparison,phase_shift,200,valid_hit_rate,CARMA,BEST_BASELINE,5,,,,0.00884,0.00746,0.01064,0.0,0.0625,,5,1.0,exploratory_unadjusted
capacity_sweep,comparison,phase_shift,200,valid_hit_rate,CARMA,LFU,5,,,,0.11514,0.11064,0.11964,0.0,0.0625,,5,1.0,exploratory_unadjusted
capacity_sweep,comparison,phase_shift,200,valid_hit_rate,CARMA,LRU,5,,,,0.00884,0.00746,0.01064,0.0,0.0625,,5,1.0,exploratory_unadjusted
capacity_sweep,comparison,pollution_scan,200,false_hit_rate,CARMA,BEST_BASELINE,5,,,,0.0,0.0,0.0,0.0,1.0,,0,0.0,exploratory_unadjusted
capacity_sweep,comparison,pollution_scan,200,false_hit_rate,CARMA,LFU,5,,,,0.0,0.0,0.0,0.0,1.0,,0,0.0,exploratory_unadjusted
capacity_sweep,comparison,pollution_scan,200,false_hit_rate,CARMA,LRU,5,,,,0.0,0.0,0.0,0.0,1.0,,0,0.0,exploratory_unadjusted
capacity_sweep,comparison,pollution_scan,200,opportunity_recall,CARMA,BEST_BASELINE,5,,,,0.0,0.0,0.0,0.0,1.0,,0,0.0,exploratory_unadjusted
capacity_sweep,comparison,pollution_scan,200,opportunity_recall,CARMA,LFU,5,,,,0.0,0.0,0.0,0.0,1.0,,0,0.0,exploratory_unadjusted
capacity_sweep,comparison,pollution_scan,200,opportunity_recall,CARMA,LRU,5,,,,0.01351351,0.01351351,0.01351351,0.0,0.0625,,5,1.0,exploratory_unadjusted
capacity_sweep,comparison,pollution_scan,200,safe_token_saving_ratio,CARMA,BEST_BASELINE,5,,,,0.0,0.0,0.0,0.0,1.0,,0,0.0,exploratory_unadjusted
capacity_sweep,comparison,pollution_scan,200,safe_token_saving_ratio,CARMA,LFU,5,,,,0.0,0.0,0.0,0.0,1.0,,0,0.0,exploratory_unadjusted
capacity_sweep,comparison,pollution_scan,200,safe_token_saving_ratio,CARMA,LRU,5,,,,0.010254138,0.010223858,0.010292564,0.0,0.0625,,5,1.0,exploratory_unadjusted
capacity_sweep,comparison,pollution_scan,200,scan_return_valid_hit_rate,CARMA,BEST_BASELINE,5,,,,0.0,0.0,0.0,0.0,1.0,,0,0.0,exploratory_unadjusted
capacity_sweep,comparison,pollution_scan,200,scan_return_valid_hit_rate,CARMA,LFU,5,,,,0.0,0.0,0.0,0.0,1.0,,0,0.0,exploratory_unadjusted
capacity_sweep,comparison,pollution_scan,200,scan_return_valid_hit_rate,CARMA,LRU,5,,,,0.02666667,0.02666667,0.02666667,0.0,0.0625,,5,1.0,exploratory_unadjusted
capacity_sweep,comparison,pollution_scan,200,valid_hit_rate,CARMA,BEST_BASELINE,5,,,,0.0,0.0,0.0,0.0,1.0,,0,0.0,exploratory_unadjusted
capacity_sweep,comparison,pollution_scan,200,valid_hit_rate,CARMA,LFU,5,,,,0.0,0.0,0.0,0.0,1.0,,0,0.0,exploratory_unadjusted
capacity_sweep,comparison,pollution_scan,200,valid_hit_rate,CARMA,LRU,5,,,,0.008,0.008,0.008,0.0,0.0625,,5,1.0,exploratory_unadjusted
capacity_sweep,comparison,stationary,200,false_hit_rate,CARMA,BEST_BASELINE,5,,,,0.0,0.0,0.0,0.0,1.0,,0,0.0,exploratory_unadjusted
capacity_sweep,comparison,stationary,200,false_hit_rate,CARMA,LFU,5,,,,0.0,0.0,0.0,0.0,1.0,,0,0.0,exploratory_unadjusted
capacity_sweep,comparison,stationary,200,false_hit_rate,CARMA,LRU,5,,,,0.0,0.0,0.0,0.0,1.0,,0,0.0,exploratory_unadjusted
capacity_sweep,comparison,stationary,200,opportunity_recall,CARMA,BEST_BASELINE,5,,,,0.08210638,0.078094394,0.08693848,0.0,0.0625,,5,1.0,exploratory_unadjusted
capacity_sweep,comparison,stationary,200,opportunity_recall,CARMA,LFU,5,,,,0.08210638,0.078094394,0.086593626,0.0,0.0625,,5,1.0,exploratory_unadjusted
capacity_sweep,comparison,stationary,200,opportunity_recall,CARMA,LRU,5,,,,0.111865832,0.108223812,0.116910454,0.0,0.0625,,5,1.0,exploratory_unadjusted
capacity_sweep,comparison,stationary,200,safe_token_saving_ratio,CARMA,BEST_BASELINE,5,,,,0.078236584,0.072978276,0.0835722605,0.0,0.0625,,5,1.0,exploratory_unadjusted
capacity_sweep,comparison,stationary,200,safe_token_saving_ratio,CARMA,LFU,5,,,,0.078236584,0.072978276,0.0835722605,0.0,0.0625,,5,1.0,exploratory_unadjusted
capacity_sweep,comparison,stationary,200,safe_token_saving_ratio,CARMA,LRU,5,,,,0.101524326,0.097232702,0.106631356,0.0,0.0625,,5,1.0,exploratory_unadjusted
capacity_sweep,comparison,stationary,200,valid_hit_rate,CARMA,BEST_BASELINE,5,,,,0.05868,0.05574,0.0619,0.0,0.0625,,5,1.0,exploratory_unadjusted
capacity_sweep,comparison,stationary,200,valid_hit_rate,CARMA,LFU,5,,,,0.05868,0.05574,0.0619,0.0,0.0625,,5,1.0,exploratory_unadjusted
capacity_sweep,comparison,stationary,200,valid_hit_rate,CARMA,LRU,5,,,,0.07994,0.07744,0.0835,0.0,0.0625,,5,1.0,exploratory_unadjusted
capacity_sweep,summary,phase_shift,20,false_hit_rate,CARMA,,5,0.0,0.0,0.0,,,,,,,,,
capacity_sweep,summary,phase_shift,20,false_hit_rate,LFU,,5,0.0,0.0,0.0,,,,,,,,,
capacity_sweep,summary,phase_shift,20,false_hit_rate,LRU,,5,0.0,0.0,0.0,,,,,,,,,
capacity_sweep,summary,phase_shift,20,opportunity_recall,CARMA,,5,0.575021772,0.565902016,0.584141528,,,,,,,,,
capacity_sweep,summary,phase_shift,20,opportunity_recall,LFU,,5,0.292289542,0.254290662,0.330288422,,,,,,,,,
capacity_sweep,summary,phase_shift,20,opportunity_recall,LRU,,5,0.479707298,0.472982514,0.486432082,,,,,,,,,
capacity_sweep,summary,phase_shift,20,safe_token_saving_ratio,CARMA,,5,0.391882832,0.384825234,0.400115664,,,,,,,,,
capacity_sweep,summary,phase_shift,20,safe_token_saving_ratio,LFU,,5,0.140636744,0.115337634,0.165935854,,,,,,,,,
capacity_sweep,summary,phase_shift,20,safe_token_saving_ratio,LRU,,5,0.326349786,0.321173414,0.332405784,,,,,,,,,
capacity_sweep,summary,phase_shift,20,shift_recovery_lag_mean_requests,CARMA,,5,2000.0,2000.0,2000.0,,,,,,,,,
capacity_sweep,summary,phase_shift,20,shift_recovery_lag_mean_requests,LFU,,5,2000.0,2000.0,2000.0,,,,,,,,,
capacity_sweep,summary,phase_shift,20,shift_recovery_lag_mean_requests,LRU,,5,2000.0,2000.0,2000.0,,,,,,,,,
capacity_sweep,summary,phase_shift,20,valid_hit_rate,CARMA,,5,0.47636,0.46872,0.484,,,,,,,,,
capacity_sweep,summary,phase_shift,20,valid_hit_rate,LFU,,5,0.2422,0.21044,0.27396,,,,,,,,,
capacity_sweep,summary,phase_shift,20,valid_hit_rate,LRU,,5,0.3974,0.39194,0.40342,,,,,,,,,
capacity_sweep,summary,pollution_scan,20,false_hit_rate,CARMA,,5,0.0,0.0,0.0,,,,,,,,,
capacity_sweep,summary,pollution_scan,20,false_hit_rate,LFU,,5,0.0,0.0,0.0,,,,,,,,,
capacity_sweep,summary,pollution_scan,20,false_hit_rate,LRU,,5,0.0,0.0,0.0,,,,,,,,,
capacity_sweep,summary,pollution_scan,20,opportunity_recall,CARMA,,5,0.770101352,0.766655406,0.773547298,,,,,,,,,
capacity_sweep,summary,pollution_scan,20,opportunity_recall,LFU,,5,0.726250002,0.714155408,0.737229732,,,,,,,,,
capacity_sweep,summary,pollution_scan,20,opportunity_recall,LRU,,5,0.678445948,0.67239865,0.684831082,,,,,,,,,
capacity_sweep,summary,pollution_scan,20,safe_token_saving_ratio,CARMA,,5,0.277613904,0.274315752,0.281636022,,,,,,,,,
capacity_sweep,summary,pollution_scan,20,safe_token_saving_ratio,LFU,,5,0.23204166,0.224682088,0.239401232,,,,,,,,,
capacity_sweep,summary,pollution_scan,20,safe_token_saving_ratio,LRU,,5,0.21274815,0.209802926,0.215693374,,,,,,,,,
capacity_sweep,summary,pollution_scan,20,scan_return_valid_hit_rate,CARMA,,5,0.761933334,0.759199998,0.764733336,,,,,,,,,
capacity_sweep,summary,pollution_scan,20,scan_return_valid_hit_rate,LFU,,5,0.717266666,0.701066666,0.729066666,,,,,,,,,
capacity_sweep,summary,pollution_scan,20,scan_return_valid_hit_rate,LRU,,5,0.667933332,0.661266666,0.674599998,,,,,,,,,
capacity_sweep,summary,pollution_scan,20,valid_hit_rate,CARMA,,5,0.4559,0.45386,0.45794,,,,,,,,,
capacity_sweep,summary,pollution_scan,20,valid_hit_rate,LFU,,5,0.42994,0.42224,0.43644,,,,,,,,,
capacity_sweep,summary,pollution_scan,20,valid_hit_rate,LRU,,5,0.40164,0.39806,0.40542,,,,,,,,,
capacity_sweep,summary,stationary,20,false_hit_rate,CARMA,,5,0.0,0.0,0.0,,,,,,,,,
capacity_sweep,summary,stationary,20,false_hit_rate,LFU,,5,0.0,0.0,0.0,,,,,,,,,
capacity_sweep,summary,stationary,20,false_hit_rate,LRU,,5,0.0,0.0,0.0,,,,,,,,,
capacity_sweep,summary,stationary,20,opportunity_recall,CARMA,,5,0.521014268,0.518297784,0.524239786,,,,,,,,,
capacity_sweep,summary,stationary,20,opportunity_recall,LFU,,5,0.418429534,0.39099421,0.435408718,,,,,,,,,
capacity_sweep,summary,stationary,20,opportunity_recall,LRU,,5,0.27376213,0.271720514,0.275856994,,,,,,,,,
capacity_sweep,summary,stationary,20,safe_token_saving_ratio,CARMA,,5,0.241636998,0.229502794,0.25439232,,,,,,,,,
capacity_sweep,summary,stationary,20,safe_token_saving_ratio,LFU,,5,0.17194864,0.167285562,0.178844712,,,,,,,,,
capacity_sweep,summary,stationary,20,safe_token_saving_ratio,LRU,,5,0.108115758,0.101719452,0.11452162,,,,,,,,,
capacity_sweep,summary,stationary,20,valid_hit_rate,CARMA,,5,0.37234,0.36992,0.37498,,,,,,,,,
capacity_sweep,summary,stationary,20,valid_hit_rate,LFU,,5,0.299,0.27984,0.3111,,,,,,,,,
capacity_sweep,summary,stationary,20,valid_hit_rate,LRU,,5,0.19564,0.19436,0.19706,,,,,,,,,
capacity_sweep,summary,phase_shift,50,false_hit_rate,CARMA,,5,0.0,0.0,0.0,,,,,,,,,
capacity_sweep,summary,phase_shift,50,false_hit_rate,LFU,,5,0.0,0.0,0.0,,,,,,,,,
capacity_sweep,summary,phase_shift,50,false_hit_rate,LRU,,5,0.0,0.0,0.0,,,,,,,,,
capacity_sweep,summary,phase_shift,50,opportunity_recall,CARMA,,5,0.733195786,0.726135754,0.741696288,,,,,,,,,
capacity_sweep,summary,phase_shift,50,opportunity_recall,LFU,,5,0.491329812,0.463673954,0.51992551,,,,,,,,,
capacity_sweep,summary,phase_shift,50,opportunity_recall,LRU,,5,0.64208532,0.635315122,0.650111894,,,,,,,,,
capacity_sweep,summary,phase_shift,50,safe_token_saving_ratio,CARMA,,5,0.547546886,0.540089858,0.55682473,,,,,,,,,
capacity_sweep,summary,phase_shift,50,safe_token_saving_ratio,LFU,,5,0.300171316,0.272912724,0.3287805,,,,,,,,,
capacity_sweep,summary,phase_shift,50,safe_token_saving_ratio,LRU,,5,0.47009049,0.4653086,0.476590188,,,,,,,,,
capacity_sweep,summary,phase_shift,50,shift_recovery_lag_mean_requests,CARMA,,5,2000.0,2000.0,2000.0,,,,,,,,,
capacity_sweep,summary,phase_shift,50,shift_recovery_lag_mean_requests,LFU,,5,2000.0,2000.0,2000.0,,,,,,,,,
capacity_sweep,summary,phase_shift,50,shift_recovery_lag_mean_requests,LRU,,5,2000.0,2000.0,2000.0,,,,,,,,,
capacity_sweep,summary,phase_shift,50,valid_hit_rate,CARMA,,5,0.6074,0.6013,0.61588,,,,,,,,,
capacity_sweep,summary,phase_shift,50,valid_hit_rate,LFU,,5,0.40706,0.38436,0.43116,,,,,,,,,
capacity_sweep,summary,phase_shift,50,valid_hit_rate,LRU,,5,0.53192,0.52644,0.5391,,,,,,,,,
capacity_sweep,summary,pollution_scan,50,false_hit_rate,CARMA,,5,0.0,0.0,0.0,,,,,,,,,
capacity_sweep,summary,pollution_scan,50,false_hit_rate,LFU,,5,0.0,0.0,0.0,,,,,,,,,
capacity_sweep,summary,pollution_scan,50,false_hit_rate,LRU,,5,0.0,0.0,0.0,,,,,,,,,
capacity_sweep,summary,pollution_scan,50,opportunity_recall,CARMA,,5,0.921520268,0.919527024,0.92341216,,,,,,,,,
capacity_sweep,summary,pollution_scan,50,opportunity_recall,LFU,,5,0.911824326,0.9082415568,0.915270272,,,,,,,,,
capacity_sweep,summary,pollution_scan,50,opportunity_recall,LRU,,5,0.899189188,0.89597973,0.902398646,,,,,,,,,
capacity_sweep,summary,pollution_scan,50,safe_token_saving_ratio,CARMA,,5,0.397422772,0.395345892,0.39955293,,,,,,,,,
capacity_sweep,summary,pollution_scan,50,safe_token_saving_ratio,LFU,,5,0.38932548,0.384970338,0.394498132,,,,,,,,,
capacity_sweep,summary,pollution_scan,50,safe_token_saving_ratio,LRU,,5,0.379553962,0.376989744,0.3830748,,,,,,,,,
capacity_sweep,summary,pollution_scan,50,scan_return_valid_hit_rate,CARMA,,5,0.912733332,0.909333332,0.916866666,,,,,,,,,
capacity_sweep,summary,pollution_scan,50,scan_return_valid_hit_rate,LFU,,5,0.905666666,0.902866666,0.908466666,,,,,,,,,
capacity_sweep,summary,pollution_scan,50,scan_return_valid_hit_rate,LRU,,5,0.883533334,0.878133334,0.8868,,,,,,,,,
capacity_sweep,summary,pollution_scan,50,valid_hit_rate,CARMA,,5,0.54554,0.54436,0.546661,,,,,,,,,
capacity_sweep,summary,pollution_scan,50,valid_hit_rate,LFU,,5,0.5398,0.53764,0.54184,,,,,,,,,
capacity_sweep,summary,pollution_scan,50,valid_hit_rate,LRU,,5,0.53232,0.53042,0.53422,,,,,,,,,
capacity_sweep,summary,stationary,50,false_hit_rate,CARMA,,5,0.0,0.0,0.0,,,,,,,,,
capacity_sweep,summary,stationary,50,false_hit_rate,LFU,,5,0.0,0.0,0.0,,,,,,,,,
capacity_sweep,summary,stationary,50,false_hit_rate,LRU,,5,0.0,0.0,0.0,,,,,,,,,
capacity_sweep,summary,stationary,50,opportunity_recall,CARMA,,5,0.668333522,0.660599054,0.67467186,,,,,,,,,
capacity_sweep,summary,stationary,50,opportunity_recall,LFU,,5,0.581710156,0.572370174,0.591510368,,,,,,,,,
capacity_sweep,summary,stationary,50,opportunity_recall,LRU,,5,0.459056538,0.457295658,0.461266008,,,,,,,,,
capacity_sweep,summary,stationary,50,safe_token_saving_ratio,CARMA,,5,0.377162472,0.356041778,0.398283166,,,,,,,,,
capacity_sweep,summary,stationary,50,safe_token_saving_ratio,LFU,,5,0.299475668,0.281635344,0.32302677,,,,,,,,,
capacity_sweep,summary,stationary,50,safe_token_saving_ratio,LRU,,5,0.21378255,0.202094376,0.225470724,,,,,,,,,
capacity_sweep,summary,stationary,50,valid_hit_rate,CARMA,,5,0.47762,0.47194,0.48238,,,,,,,,,
capacity_sweep,summary,stationary,50,valid_hit_rate,LFU,,5,0.41572,0.40924,0.42286,,,,,,,,,
capacity_sweep,summary,stationary,50,valid_hit_rate,LRU,,5,0.32806,0.32664,0.32978,,,,,,,,,
capacity_sweep,summary,phase_shift,200,false_hit_rate,CARMA,,5,0.0,0.0,0.0,,,,,,,,,
capacity_sweep,summary,phase_shift,200,false_hit_rate,LFU,,5,0.0,0.0,0.0,,,,,,,,,
capacity_sweep,summary,phase_shift,200,false_hit_rate,LRU,,5,0.0,0.0,0.0,,,,,,,,,
capacity_sweep,summary,phase_shift,200,opportunity_recall,CARMA,,5,0.877280676,0.875450254,0.879111098,,,,,,,,,
capacity_sweep,summary,phase_shift,200,opportunity_recall,LFU,,5,0.738289178,0.730998694,0.744990008,,,,,,,,,
capacity_sweep,summary,phase_shift,200,opportunity_recall,LRU,,5,0.866609906,0.863171354,0.86969355,,,,,,,,,
capacity_sweep,summary,phase_shift,200,safe_token_saving_ratio,CARMA,,5,0.687364066,0.682465182,0.692463294,,,,,,,,,
capacity_sweep,summary,phase_shift,200,safe_token_saving_ratio,LFU,,5,0.548128626,0.539149288,0.557107964,,,,,,,,,
capacity_sweep,summary,phase_shift,200,safe_token_saving_ratio,LRU,,5,0.677126564,0.67258164,0.681744208,,,,,,,,,
capacity_sweep,summary,phase_shift,200,shift_recovery_lag_mean_requests,CARMA,,5,1113.25,879.65,1344.25,,,,,,,,,
capacity_sweep,summary,phase_shift,200,shift_recovery_lag_mean_requests,LFU,,5,2000.0,2000.0,2000.0,,,,,,,,,
capacity_sweep,summary,phase_shift,200,shift_recovery_lag_mean_requests,LRU,,5,1072.1,691.05,1294.95,,,,,,,,,
capacity_sweep,summary,phase_shift,200,valid_hit_rate,CARMA,,5,0.72676,0.72408,0.72946,,,,,,,,,
capacity_sweep,summary,phase_shift,200,valid_hit_rate,LFU,,5,0.61162,0.60524,0.618,,,,,,,,,
capacity_sweep,summary,phase_shift,200,valid_hit_rate,LRU,,5,0.71792,0.71468,0.72166,,,,,,,,,
capacity_sweep,summary,pollution_scan,200,false_hit_rate,CARMA,,5,0.0,0.0,0.0,,,,,,,,,
capacity_sweep,summary,pollution_scan,200,false_hit_rate,LFU,,5,0.0,0.0,0.0,,,,,,,,,
capacity_sweep,summary,pollution_scan,200,false_hit_rate,LRU,,5,0.0,0.0,0.0,,,,,,,,,
capacity_sweep,summary,pollution_scan,200,opportunity_recall,CARMA,,5,1.0,1.0,1.0,,,,,,,,,
capacity_sweep,summary,pollution_scan,200,opportunity_recall,LFU,,5,1.0,1.0,1.0,,,,,,,,,
capacity_sweep,summary,pollution_scan,200,opportunity_recall,LRU,,5,0.98648649,0.98648649,0.98648649,,,,,,,,,
capacity_sweep,summary,pollution_scan,200,safe_token_saving_ratio,CARMA,,5,0.459031134,0.457003894,0.460628684,,,,,,,,,
capacity_sweep,summary,pollution_scan,200,safe_token_saving_ratio,LFU,,5,0.459031134,0.45712159,0.460628684,,,,,,,,,
capacity_sweep,summary,pollution_scan,200,safe_token_saving_ratio,LRU,,5,0.448776996,0.44671133,0.450404826,,,,,,,,,
capacity_sweep,summary,pollution_scan,200,scan_return_valid_hit_rate,CARMA,,5,1.0,1.0,1.0,,,,,,,,,
capacity_sweep,summary,pollution_scan,200,scan_return_valid_hit_rate,LFU,,5,1.0,1.0,1.0,,,,,,,,,
capacity_sweep,summary,pollution_scan,200,scan_return_valid_hit_rate,LRU,,5,0.97333333,0.97333333,0.97333333,,,,,,,,,
capacity_sweep,summary,pollution_scan,200,valid_hit_rate,CARMA,,5,0.592,0.592,0.592,,,,,,,,,
capacity_sweep,summary,pollution_scan,200,valid_hit_rate,LFU,,5,0.592,0.592,0.592,,,,,,,,,
capacity_sweep,summary,pollution_scan,200,valid_hit_rate,LRU,,5,0.584,0.584,0.584,,,,,,,,,
capacity_sweep,summary,stationary,200,false_hit_rate,CARMA,,5,0.0,0.0,0.0,,,,,,,,,
capacity_sweep,summary,stationary,200,false_hit_rate,LFU,,5,0.0,0.0,0.0,,,,,,,,,
capacity_sweep,summary,stationary,200,false_hit_rate,LRU,,5,0.0,0.0,0.0,,,,,,,,,
capacity_sweep,summary,stationary,200,opportunity_recall,CARMA,,5,0.839947446,0.837344394,0.842063474,,,,,,,,,
capacity_sweep,summary,stationary,200,opportunity_recall,LFU,,5,0.757841066,0.750567264,0.763121134,,,,,,,,,
capacity_sweep,summary,stationary,200,opportunity_recall,LRU,,5,0.728081614,0.724064058,0.73209917,,,,,,,,,
capacity_sweep,summary,stationary,200,safe_token_saving_ratio,CARMA,,5,0.529949216,0.516174024,0.543093756,,,,,,,,,
capacity_sweep,summary,stationary,200,safe_token_saving_ratio,LFU,,5,0.451712632,0.434006122,0.467134386,,,,,,,,,
capacity_sweep,summary,stationary,200,safe_token_saving_ratio,LRU,,5,0.42842489,0.412431406,0.444938278,,,,,,,,,
capacity_sweep,summary,stationary,200,valid_hit_rate,CARMA,,5,0.60026,0.59826,0.60212,,,,,,,,,
capacity_sweep,summary,stationary,200,valid_hit_rate,LFU,,5,0.54158,0.53664,0.54496,,,,,,,,,
capacity_sweep,summary,stationary,200,valid_hit_rate,LRU,,5,0.52032,0.51664,0.52382,,,,,,,,,
hard_negative_diagnostic,comparison,novel,100,false_hit_rate,CARMA,BEST_BASELINE,3,,,,0.0,0.0,0.0,0.0,1.0,,0,0.0,exploratory_unadjusted
hard_negative_diagnostic,comparison,novel,100,false_hit_rate,CARMA,CARMA_NO_CLUSTER,3,,,,0.0,0.0,0.0,0.0,1.0,,0,0.0,exploratory_unadjusted
hard_negative_diagnostic,comparison,novel,100,false_hit_rate,CARMA,LFU,3,,,,0.0,0.0,0.0,0.0,1.0,,0,0.0,exploratory_unadjusted
hard_negative_diagnostic,comparison,novel,100,false_hit_rate,CARMA,LRU,3,,,,0.0,0.0,0.0,0.0,1.0,,0,0.0,exploratory_unadjusted
hard_negative_diagnostic,comparison,novel,100,opportunity_recall,CARMA,BEST_BASELINE,3,,,,0.0,0.0,0.0,0.0,1.0,,0,0.0,exploratory_unadjusted
hard_negative_diagnostic,comparison,novel,100,opportunity_recall,CARMA,CARMA_NO_CLUSTER,3,,,,0.0,0.0,0.0,0.0,1.0,,0,0.0,exploratory_unadjusted
hard_negative_diagnostic,comparison,novel,100,opportunity_recall,CARMA,LFU,3,,,,0.0,0.0,0.0,0.0,1.0,,0,0.0,exploratory_unadjusted
hard_negative_diagnostic,comparison,novel,100,opportunity_recall,CARMA,LRU,3,,,,0.0,0.0,0.0,0.0,1.0,,0,0.0,exploratory_unadjusted
hard_negative_diagnostic,comparison,novel,100,safe_token_saving_ratio,CARMA,BEST_BASELINE,3,,,,0.0,0.0,0.0,0.0,1.0,,0,0.0,exploratory_unadjusted
hard_negative_diagnostic,comparison,novel,100,safe_token_saving_ratio,CARMA,CARMA_NO_CLUSTER,3,,,,0.0,0.0,0.0,0.0,1.0,,0,0.0,exploratory_unadjusted
hard_negative_diagnostic,comparison,novel,100,safe_token_saving_ratio,CARMA,LFU,3,,,,0.0,0.0,0.0,0.0,1.0,,0,0.0,exploratory_unadjusted
hard_negative_diagnostic,comparison,novel,100,safe_token_saving_ratio,CARMA,LRU,3,,,,0.0,0.0,0.0,0.0,1.0,,0,0.0,exploratory_unadjusted
hard_negative_diagnostic,comparison,novel,100,valid_hit_rate,CARMA,BEST_BASELINE,3,,,,0.0,0.0,0.0,0.0,1.0,,0,0.0,exploratory_unadjusted
hard_negative_diagnostic,comparison,novel,100,valid_hit_rate,CARMA,CARMA_NO_CLUSTER,3,,,,0.0,0.0,0.0,0.0,1.0,,0,0.0,exploratory_unadjusted
hard_negative_diagnostic,comparison,novel,100,valid_hit_rate,CARMA,LFU,3,,,,0.0,0.0,0.0,0.0,1.0,,0,0.0,exploratory_unadjusted
hard_negative_diagnostic,comparison,novel,100,valid_hit_rate,CARMA,LRU,3,,,,0.0,0.0,0.0,0.0,1.0,,0,0.0,exploratory_unadjusted
hard_negative_diagnostic,summary,novel,100,false_hit_rate,CARMA,,3,0.005,0.005,0.005,,,,,,,,,
hard_negative_diagnostic,summary,novel,100,false_hit_rate,CARMA_NO_CLUSTER,,3,0.005,0.005,0.005,,,,,,,,,
hard_negative_diagnostic,summary,novel,100,false_hit_rate,LFU,,3,0.005,0.005,0.005,,,,,,,,,
hard_negative_diagnostic,summary,novel,100,false_hit_rate,LRU,,3,0.005,0.005,0.005,,,,,,,,,
hard_negative_diagnostic,summary,novel,100,opportunity_recall,CARMA,,3,0.0,0.0,0.0,,,,,,,,,
hard_negative_diagnostic,summary,novel,100,opportunity_recall,CARMA_NO_CLUSTER,,3,0.0,0.0,0.0,,,,,,,,,
hard_negative_diagnostic,summary,novel,100,opportunity_recall,LFU,,3,0.0,0.0,0.0,,,,,,,,,
hard_negative_diagnostic,summary,novel,100,opportunity_recall,LRU,,3,0.0,0.0,0.0,,,,,,,,,
hard_negative_diagnostic,summary,novel,100,safe_token_saving_ratio,CARMA,,3,0.0,0.0,0.0,,,,,,,,,
hard_negative_diagnostic,summary,novel,100,safe_token_saving_ratio,CARMA_NO_CLUSTER,,3,0.0,0.0,0.0,,,,,,,,,
hard_negative_diagnostic,summary,novel,100,safe_token_saving_ratio,LFU,,3,0.0,0.0,0.0,,,,,,,,,
hard_negative_diagnostic,summary,novel,100,safe_token_saving_ratio,LRU,,3,0.0,0.0,0.0,,,,,,,,,
hard_negative_diagnostic,summary,novel,100,valid_hit_rate,CARMA,,3,0.0,0.0,0.0,,,,,,,,,
hard_negative_diagnostic,summary,novel,100,valid_hit_rate,CARMA_NO_CLUSTER,,3,0.0,0.0,0.0,,,,,,,,,
hard_negative_diagnostic,summary,novel,100,valid_hit_rate,LFU,,3,0.0,0.0,0.0,,,,,,,,,
hard_negative_diagnostic,summary,novel,100,valid_hit_rate,LRU,,3,0.0,0.0,0.0,,,,,,,,,
primary_test,comparison,phase_shift,100,false_hit_rate,CARMA,BEST_BASELINE,10,,,,0.0,0.0,0.0,0.0,1.0,,0,0.0,exploratory_unadjusted
primary_test,comparison,phase_shift,100,false_hit_rate,CARMA,CARMA_NO_ADMISSION,10,,,,0.0,0.0,0.0,0.0,1.0,,0,0.0,exploratory_unadjusted
primary_test,comparison,phase_shift,100,false_hit_rate,CARMA,CARMA_NO_CLUSTER,10,,,,0.0,0.0,0.0,0.0,1.0,,0,0.0,exploratory_unadjusted
primary_test,comparison,phase_shift,100,false_hit_rate,CARMA,CARMA_NO_DECAY,10,,,,0.0,0.0,0.0,0.0,1.0,,0,0.0,exploratory_unadjusted
primary_test,comparison,phase_shift,100,false_hit_rate,CARMA,CARMA_NO_QUOTA,10,,,,0.0,0.0,0.0,0.0,1.0,,0,0.0,exploratory_unadjusted
primary_test,comparison,phase_shift,100,false_hit_rate,CARMA,LFU,10,,,,0.0,0.0,0.0,0.0,1.0,,0,0.0,exploratory_unadjusted
primary_test,comparison,phase_shift,100,false_hit_rate,CARMA,LRU,10,,,,0.0,0.0,0.0,0.0,1.0,,0,0.0,exploratory_unadjusted
primary_test,comparison,phase_shift,100,opportunity_recall,CARMA,BEST_BASELINE,10,,,,0.058965696,0.0564839142,0.0613840336,0.0,0.001953125,,10,1.0,exploratory_unadjusted
primary_test,comparison,phase_shift,100,opportunity_recall,CARMA,CARMA_NO_ADMISSION,10,,,,0.004963653,0.003762996,0.0062297809,0.0,0.001953125,,10,1.0,exploratory_unadjusted
primary_test,comparison,phase_shift,100,opportunity_recall,CARMA,CARMA_NO_CLUSTER,10,,,,0.004671474,0.0036828802,0.0058029797,0.0,0.001953125,,10,1.0,exploratory_unadjusted
primary_test,comparison,phase_shift,100,opportunity_recall,CARMA,CARMA_NO_DECAY,10,,,,0.099946412,0.0953712292,0.1049439383,0.0,0.001953125,,10,1.0,exploratory_unadjusted
primary_test,comparison,phase_shift,100,opportunity_recall,CARMA,CARMA_NO_QUOTA,10,,,,0.004671474,0.0036918121,0.0057700082,0.0,0.001953125,,10,1.0,exploratory_unadjusted
primary_test,comparison,phase_shift,100,opportunity_recall,CARMA,LFU,10,,,,0.194087663,0.1828006982,0.2040688752,0.0,0.001953125,,10,1.0,exploratory_unadjusted
primary_test,comparison,phase_shift,100,opportunity_recall,CARMA,LRU,10,,,,0.058965696,0.0564401976,0.0614564624,0.0,0.001953125,,10,1.0,exploratory_unadjusted
primary_test,comparison,phase_shift,100,safe_token_saving_ratio,CARMA,BEST_BASELINE,10,,,,0.052513031,0.0500882964,0.0547527647,0.0,0.001953125,,10,1.0,exploratory_unadjusted
primary_test,comparison,phase_shift,100,safe_token_saving_ratio,CARMA,CARMA_NO_ADMISSION,10,,,,0.005446414,0.0041817524,0.006792105,0.0,0.001953125,,10,1.0,exploratory_unadjusted
primary_test,comparison,phase_shift,100,safe_token_saving_ratio,CARMA,CARMA_NO_CLUSTER,10,,,,0.005270363,0.0040593748,0.0066081066,0.0,0.001953125,,10,1.0,exploratory_unadjusted
primary_test,comparison,phase_shift,100,safe_token_saving_ratio,CARMA,CARMA_NO_DECAY,10,,,,0.097835551,0.090666676,0.1050063478,0.0,0.001953125,,10,1.0,exploratory_unadjusted
primary_test,comparison,phase_shift,100,safe_token_saving_ratio,CARMA,CARMA_NO_QUOTA,10,,,,0.005270363,0.0040605681,0.0066184096,0.0,0.001953125,,10,1.0,exploratory_unadjusted
primary_test,comparison,phase_shift,100,safe_token_saving_ratio,CARMA,LFU,10,,,,0.200346564,0.1888759104,0.2104537591,0.0,0.001953125,,10,1.0,exploratory_unadjusted
primary_test,comparison,phase_shift,100,safe_token_saving_ratio,CARMA,LRU,10,,,,0.052513031,0.0501098155,0.0547938223,0.0,0.001953125,,10,1.0,exploratory_unadjusted
primary_test,comparison,phase_shift,100,shift_recovery_lag_mean_requests,CARMA,BEST_BASELINE,10,,,,-191.675,-330.005625,-58.35,0.0,0.0625,,5,-1.0,exploratory_unadjusted
primary_test,comparison,phase_shift,100,shift_recovery_lag_mean_requests,CARMA,CARMA_NO_ADMISSION,10,,,,-68.975,-167.125,29.075,4.0,0.21875,,6,-0.619047619,exploratory_unadjusted
primary_test,comparison,phase_shift,100,shift_recovery_lag_mean_requests,CARMA,CARMA_NO_CLUSTER,10,,,,-10.6,-91.325,78.8,5.0,0.625,,5,-0.3333333333,exploratory_unadjusted
primary_test,comparison,phase_shift,100,shift_recovery_lag_mean_requests,CARMA,CARMA_NO_DECAY,10,,,,-191.675,-330.85,-56.875,0.0,0.0625,,5,-1.0,exploratory_unadjusted
primary_test,comparison,phase_shift,100,shift_recovery_lag_mean_requests,CARMA,CARMA_NO_QUOTA,10,,,,-10.6,-91.393125,78.825,5.0,0.625,,5,-0.3333333333,exploratory_unadjusted
primary_test,comparison,phase_shift,100,shift_recovery_lag_mean_requests,CARMA,LFU,10,,,,-191.675,-332.751875,-57.725,0.0,0.0625,,5,-1.0,exploratory_unadjusted
primary_test,comparison,phase_shift,100,shift_recovery_lag_mean_requests,CARMA,LRU,10,,,,-191.675,-328.525,-56.875,0.0,0.0625,,5,-1.0,exploratory_unadjusted
primary_test,comparison,phase_shift,100,valid_hit_rate,CARMA,BEST_BASELINE,10,,,,0.04885,0.04677,0.05088,0.0,0.001953125,0.0234375,10,1.0,primary_vhr
primary_test,comparison,phase_shift,100,valid_hit_rate,CARMA,CARMA_NO_ADMISSION,10,,,,0.00411,0.00309,0.00518,0.0,0.001953125,,10,1.0,exploratory_unadjusted
primary_test,comparison,phase_shift,100,valid_hit_rate,CARMA,CARMA_NO_CLUSTER,10,,,,0.00387,0.00304,0.0048,0.0,0.001953125,,10,1.0,exploratory_unadjusted
primary_test,comparison,phase_shift,100,valid_hit_rate,CARMA,CARMA_NO_DECAY,10,,,,0.08281,0.07891,0.08692025,0.0,0.001953125,,10,1.0,exploratory_unadjusted
primary_test,comparison,phase_shift,100,valid_hit_rate,CARMA,CARMA_NO_QUOTA,10,,,,0.00387,0.00306,0.0048,0.0,0.001953125,,10,1.0,exploratory_unadjusted
primary_test,comparison,phase_shift,100,valid_hit_rate,CARMA,LFU,10,,,,0.1608,0.15171975,0.16905,0.0,0.001953125,0.0234375,10,1.0,primary_vhr
primary_test,comparison,phase_shift,100,valid_hit_rate,CARMA,LRU,10,,,,0.04885,0.04679,0.0509,0.0,0.001953125,0.0234375,10,1.0,primary_vhr
primary_test,comparison,pollution_scan,100,false_hit_rate,CARMA,BEST_BASELINE,10,,,,0.0,0.0,0.0,0.0,1.0,,0,0.0,exploratory_unadjusted
primary_test,comparison,pollution_scan,100,false_hit_rate,CARMA,CARMA_NO_ADMISSION,10,,,,0.0,0.0,0.0,0.0,1.0,,0,0.0,exploratory_unadjusted
primary_test,comparison,pollution_scan,100,false_hit_rate,CARMA,CARMA_NO_CLUSTER,10,,,,0.0,0.0,0.0,0.0,1.0,,0,0.0,exploratory_unadjusted
primary_test,comparison,pollution_scan,100,false_hit_rate,CARMA,CARMA_NO_DECAY,10,,,,0.0,0.0,0.0,0.0,1.0,,0,0.0,exploratory_unadjusted
primary_test,comparison,pollution_scan,100,false_hit_rate,CARMA,CARMA_NO_QUOTA,10,,,,0.0,0.0,0.0,0.0,1.0,,0,0.0,exploratory_unadjusted
primary_test,comparison,pollution_scan,100,false_hit_rate,CARMA,LFU,10,,,,0.0,0.0,0.0,0.0,1.0,,0,0.0,exploratory_unadjusted
primary_test,comparison,pollution_scan,100,false_hit_rate,CARMA,LRU,10,,,,0.0,0.0,0.0,0.0,1.0,,0,0.0,exploratory_unadjusted
primary_test,comparison,pollution_scan,100,opportunity_recall,CARMA,BEST_BASELINE,10,,,,3.3784e-05,0.0,8.446e-05,0.0,0.5,,2,1.0,exploratory_unadjusted
primary_test,comparison,pollution_scan,100,opportunity_recall,CARMA,CARMA_NO_ADMISSION,10,,,,0.064391891,0.063918917,0.064797297,0.0,0.001953125,,10,1.0,exploratory_unadjusted
primary_test,comparison,pollution_scan,100,opportunity_recall,CARMA,CARMA_NO_CLUSTER,10,,,,0.0,0.0,0.0,0.0,1.0,,0,0.0,exploratory_unadjusted
primary_test,comparison,pollution_scan,100,opportunity_recall,CARMA,CARMA_NO_DECAY,10,,,,0.0,0.0,0.0,0.0,1.0,,0,0.0,exploratory_unadjusted
primary_test,comparison,pollution_scan,100,opportunity_recall,CARMA,CARMA_NO_QUOTA,10,,,,0.0,0.0,0.0,0.0,1.0,,0,0.0,exploratory_unadjusted
primary_test,comparison,pollution_scan,100,opportunity_recall,CARMA,LFU,10,,,,3.3784e-05,0.0,8.446e-05,0.0,0.5,,2,1.0,exploratory_unadjusted
primary_test,comparison,pollution_scan,100,opportunity_recall,CARMA,LRU,10,,,,0.01351351,0.01351351,0.01351351,0.0,0.001953125,,10,1.0,exploratory_unadjusted
primary_test,comparison,pollution_scan,100,safe_token_saving_ratio,CARMA,BEST_BASELINE,10,,,,1.491e-05,0.0,3.6978e-05,0.0,0.5,,2,1.0,exploratory_unadjusted
primary_test,comparison,pollution_scan,100,safe_token_saving_ratio,CARMA,CARMA_NO_ADMISSION,10,,,,0.049928919,0.0495501738,0.0503727491,0.0,0.001953125,,10,1.0,exploratory_unadjusted
primary_test,comparison,pollution_scan,100,safe_token_saving_ratio,CARMA,CARMA_NO_CLUSTER,10,,,,0.0,0.0,0.0,0.0,1.0,,0,0.0,exploratory_unadjusted
primary_test,comparison,pollution_scan,100,safe_token_saving_ratio,CARMA,CARMA_NO_DECAY,10,,,,0.0,0.0,0.0,0.0,1.0,,0,0.0,exploratory_unadjusted
primary_test,comparison,pollution_scan,100,safe_token_saving_ratio,CARMA,CARMA_NO_QUOTA,10,,,,0.0,0.0,0.0,0.0,1.0,,0,0.0,exploratory_unadjusted
primary_test,comparison,pollution_scan,100,safe_token_saving_ratio,CARMA,LFU,10,,,,1.491e-05,0.0,3.6978e-05,0.0,0.5,,2,1.0,exploratory_unadjusted
primary_test,comparison,pollution_scan,100,safe_token_saving_ratio,CARMA,LRU,10,,,,0.010283032,0.0102557835,0.0103112685,0.0,0.001953125,,10,1.0,exploratory_unadjusted
primary_test,comparison,pollution_scan,100,scan_return_valid_hit_rate,CARMA,BEST_BASELINE,10,,,,6.6666e-05,0.0,0.000166665,0.0,0.5,1.0,2,1.0,primary_vhr
primary_test,comparison,pollution_scan,100,scan_return_valid_hit_rate,CARMA,CARMA_NO_ADMISSION,10,,,,0.127066666,0.126166665,0.127866667,0.0,0.001953125,,10,1.0,exploratory_unadjusted
primary_test,comparison,pollution_scan,100,scan_return_valid_hit_rate,CARMA,CARMA_NO_CLUSTER,10,,,,0.0,0.0,0.0,0.0,1.0,,0,0.0,exploratory_unadjusted
primary_test,comparison,pollution_scan,100,scan_return_valid_hit_rate,CARMA,CARMA_NO_DECAY,10,,,,0.0,0.0,0.0,0.0,1.0,,0,0.0,exploratory_unadjusted
primary_test,comparison,pollution_scan,100,scan_return_valid_hit_rate,CARMA,CARMA_NO_QUOTA,10,,,,0.0,0.0,0.0,0.0,1.0,,0,0.0,exploratory_unadjusted
primary_test,comparison,pollution_scan,100,scan_return_valid_hit_rate,CARMA,LFU,10,,,,6.6666e-05,0.0,0.000166665,0.0,0.5,1.0,2,1.0,primary_vhr
primary_test,comparison,pollution_scan,100,scan_return_valid_hit_rate,CARMA,LRU,10,,,,0.02666667,0.02666667,0.02666667,0.0,0.001953125,0.0234375,10,1.0,primary_vhr
primary_test,comparison,pollution_scan,100,valid_hit_rate,CARMA,BEST_BASELINE,10,,,,2e-05,0.0,5e-05,0.0,0.5,1.0,2,1.0,primary_vhr
primary_test,comparison,pollution_scan,100,valid_hit_rate,CARMA,CARMA_NO_ADMISSION,10,,,,0.03812,0.03784975,0.03836,0.0,0.001953125,,10,1.0,exploratory_unadjusted
primary_test,comparison,pollution_scan,100,valid_hit_rate,CARMA,CARMA_NO_CLUSTER,10,,,,0.0,0.0,0.0,0.0,1.0,,0,0.0,exploratory_unadjusted
primary_test,comparison,pollution_scan,100,valid_hit_rate,CARMA,CARMA_NO_DECAY,10,,,,0.0,0.0,0.0,0.0,1.0,,0,0.0,exploratory_unadjusted
primary_test,comparison,pollution_scan,100,valid_hit_rate,CARMA,CARMA_NO_QUOTA,10,,,,0.0,0.0,0.0,0.0,1.0,,0,0.0,exploratory_unadjusted
primary_test,comparison,pollution_scan,100,valid_hit_rate,CARMA,LFU,10,,,,2e-05,0.0,5e-05,0.0,0.5,1.0,2,1.0,primary_vhr
primary_test,comparison,pollution_scan,100,valid_hit_rate,CARMA,LRU,10,,,,0.008,0.008,0.008,0.0,0.001953125,0.0234375,10,1.0,primary_vhr
primary_test,comparison,stationary,100,false_hit_rate,CARMA,BEST_BASELINE,10,,,,0.0,0.0,0.0,0.0,1.0,,0,0.0,exploratory_unadjusted
primary_test,comparison,stationary,100,false_hit_rate,CARMA,CARMA_NO_ADMISSION,10,,,,0.0,0.0,0.0,0.0,1.0,,0,0.0,exploratory_unadjusted
primary_test,comparison,stationary,100,false_hit_rate,CARMA,CARMA_NO_CLUSTER,10,,,,0.0,0.0,0.0,0.0,1.0,,0,0.0,exploratory_unadjusted
primary_test,comparison,stationary,100,false_hit_rate,CARMA,CARMA_NO_DECAY,10,,,,0.0,0.0,0.0,0.0,1.0,,0,0.0,exploratory_unadjusted
primary_test,comparison,stationary,100,false_hit_rate,CARMA,CARMA_NO_QUOTA,10,,,,0.0,0.0,0.0,0.0,1.0,,0,0.0,exploratory_unadjusted
primary_test,comparison,stationary,100,false_hit_rate,CARMA,LFU,10,,,,0.0,0.0,0.0,0.0,1.0,,0,0.0,exploratory_unadjusted
primary_test,comparison,stationary,100,false_hit_rate,CARMA,LRU,10,,,,0.0,0.0,0.0,0.0,1.0,,0,0.0,exploratory_unadjusted
primary_test,comparison,stationary,100,opportunity_recall,CARMA,BEST_BASELINE,10,,,,0.09941082,0.0914857486,0.1073710309,0.0,0.001953125,,10,1.0,exploratory_unadjusted
primary_test,comparison,stationary,100,opportunity_recall,CARMA,CARMA_NO_ADMISSION,10,,,,0.022486209,0.0200802876,0.0250942551,0.0,0.001953125,,10,1.0,exploratory_unadjusted
primary_test,comparison,stationary,100,opportunity_recall,CARMA,CARMA_NO_CLUSTER,10,,,,-0.004846363,-0.0070210065,-0.0025815557,2.0,0.01171875,,9,-0.9111111111,exploratory_unadjusted
primary_test,comparison,stationary,100,opportunity_recall,CARMA,CARMA_NO_DECAY,10,,,,-0.006584547,-0.0086978456,-0.0043304491,0.0,0.001953125,,10,-1.0,exploratory_unadjusted
primary_test,comparison,stationary,100,opportunity_recall,CARMA,CARMA_NO_QUOTA,10,,,,-0.004846363,-0.0070433868,-0.0025140813,2.0,0.01171875,,9,-0.9111111111,exploratory_unadjusted
primary_test,comparison,stationary,100,opportunity_recall,CARMA,LFU,10,,,,0.09941082,0.0916567617,0.10738026,0.0,0.001953125,,10,1.0,exploratory_unadjusted
primary_test,comparison,stationary,100,opportunity_recall,CARMA,LRU,10,,,,0.156040265,0.1527241549,0.1592947168,0.0,0.001953125,,10,1.0,exploratory_unadjusted
primary_test,comparison,stationary,100,safe_token_saving_ratio,CARMA,BEST_BASELINE,10,,,,0.095032395,0.0864129521,0.1044318435,0.0,0.001953125,,10,1.0,exploratory_unadjusted
primary_test,comparison,stationary,100,safe_token_saving_ratio,CARMA,CARMA_NO_ADMISSION,10,,,,0.02029893,0.0176029092,0.023246778,0.0,0.001953125,,10,1.0,exploratory_unadjusted
primary_test,comparison,stationary,100,safe_token_saving_ratio,CARMA,CARMA_NO_CLUSTER,10,,,,-0.004130605,-0.0064612023,-0.0016895588,6.0,0.02734375,,10,-0.7818181818,exploratory_unadjusted
primary_test,comparison,stationary,100,safe_token_saving_ratio,CARMA,CARMA_NO_DECAY,10,,,,-0.006621736,-0.0081431521,-0.005028782,0.0,0.001953125,,10,-1.0,exploratory_unadjusted
primary_test,comparison,stationary,100,safe_token_saving_ratio,CARMA,CARMA_NO_QUOTA,10,,,,-0.004130605,-0.0064418557,-0.0016032271,6.0,0.02734375,,10,-0.7818181818,exploratory_unadjusted
primary_test,comparison,stationary,100,safe_token_saving_ratio,CARMA,LFU,10,,,,0.095032395,0.0862965166,0.1046778944,0.0,0.001953125,,10,1.0,exploratory_unadjusted
primary_test,comparison,stationary,100,safe_token_saving_ratio,CARMA,LRU,10,,,,0.139999813,0.136326281,0.1438730693,0.0,0.001953125,,10,1.0,exploratory_unadjusted
primary_test,comparison,stationary,100,valid_hit_rate,CARMA,BEST_BASELINE,10,,,,0.07122,0.06572,0.07709025,0.0,0.001953125,0.0234375,10,1.0,primary_vhr
primary_test,comparison,stationary,100,valid_hit_rate,CARMA,CARMA_NO_ADMISSION,10,,,,0.01611,0.0144,0.01804,0.0,0.001953125,,10,1.0,exploratory_unadjusted
primary_test,comparison,stationary,100,valid_hit_rate,CARMA,CARMA_NO_CLUSTER,10,,,,-0.00347,-0.00501,-0.00188,2.0,0.01171875,,9,-0.9111111111,exploratory_unadjusted
primary_test,comparison,stationary,100,valid_hit_rate,CARMA,CARMA_NO_DECAY,10,,,,-0.00472,-0.00626025,-0.00308,0.0,0.001953125,,10,-1.0,exploratory_unadjusted
primary_test,comparison,stationary,100,valid_hit_rate,CARMA,CARMA_NO_QUOTA,10,,,,-0.00347,-0.00505,-0.00187,2.0,0.01171875,,9,-0.9111111111,exploratory_unadjusted
primary_test,comparison,stationary,100,valid_hit_rate,CARMA,LFU,10,,,,0.07122,0.06570975,0.07697,0.0,0.001953125,0.0234375,10,1.0,primary_vhr
primary_test,comparison,stationary,100,valid_hit_rate,CARMA,LRU,10,,,,0.11179,0.10944,0.11406,0.0,0.001953125,0.0234375,10,1.0,primary_vhr
primary_test,summary,phase_shift,100,false_hit_rate,CARMA,,10,0.0,0.0,0.0,,,,,,,,,
primary_test,summary,phase_shift,100,false_hit_rate,CARMA_NO_ADMISSION,,10,0.0,0.0,0.0,,,,,,,,,
primary_test,summary,phase_shift,100,false_hit_rate,CARMA_NO_CLUSTER,,10,0.0,0.0,0.0,,,,,,,,,
primary_test,summary,phase_shift,100,false_hit_rate,CARMA_NO_DECAY,,10,0.0,0.0,0.0,,,,,,,,,
primary_test,summary,phase_shift,100,false_hit_rate,CARMA_NO_QUOTA,,10,0.0,0.0,0.0,,,,,,,,,
primary_test,summary,phase_shift,100,false_hit_rate,LFU,,10,0.0,0.0,0.0,,,,,,,,,
primary_test,summary,phase_shift,100,false_hit_rate,LRU,,10,0.0,0.0,0.0,,,,,,,,,
primary_test,summary,phase_shift,100,opportunity_recall,CARMA,,10,0.823923146,0.8189910049,0.8287771954,,,,,,,,,
primary_test,summary,phase_shift,100,opportunity_recall,CARMA_NO_ADMISSION,,10,0.818959493,0.8145446471,0.8233918357,,,,,,,,,
primary_test,summary,phase_shift,100,opportunity_recall,CARMA_NO_CLUSTER,,10,0.819251672,0.8149701972,0.8233914538,,,,,,,,,
primary_test,summary,phase_shift,100,opportunity_recall,CARMA_NO_DECAY,,10,0.723976734,0.7195988314,0.7278517182,,,,,,,,,
primary_test,summary,phase_shift,100,opportunity_recall,CARMA_NO_QUOTA,,10,0.819251672,0.8149157748,0.82338174,,,,,,,,,
primary_test,summary,phase_shift,100,opportunity_recall,LFU,,10,0.629835483,0.6170596075,0.6423560441,,,,,,,,,
primary_test,summary,phase_shift,100,opportunity_recall,LRU,,10,0.76495745,0.7600364431,0.7700229895,,,,,,,,,
primary_test,summary,phase_shift,100,safe_token_saving_ratio,CARMA,,10,0.635486327,0.630439416,0.640587185,,,,,,,,,
primary_test,summary,phase_shift,100,safe_token_saving_ratio,CARMA_NO_ADMISSION,,10,0.630039913,0.624920767,0.6351211216,,,,,,,,,
primary_test,summary,phase_shift,100,safe_token_saving_ratio,CARMA_NO_CLUSTER,,10,0.630215964,0.6257264681,0.634873934,,,,,,,,,
primary_test,summary,phase_shift,100,safe_token_saving_ratio,CARMA_NO_DECAY,,10,0.537650776,0.5322156155,0.5431449657,,,,,,,,,
primary_test,summary,phase_shift,100,safe_token_saving_ratio,CARMA_NO_QUOTA,,10,0.630215964,0.6258067613,0.6347706319,,,,,,,,,
primary_test,summary,phase_shift,100,safe_token_saving_ratio,LFU,,10,0.435139763,0.4229421163,0.4475326905,,,,,,,,,
primary_test,summary,phase_shift,100,safe_token_saving_ratio,LRU,,10,0.582973296,0.577777337,0.5884615501,,,,,,,,,
primary_test,summary,phase_shift,100,shift_recovery_lag_mean_requests,CARMA,,10,1808.325,1668.514375,1942.275,,,,,,,,,
primary_test,summary,phase_shift,100,shift_recovery_lag_mean_requests,CARMA_NO_ADMISSION,,10,1877.3,1795.725,1951.575,,,,,,,,,
primary_test,summary,phase_shift,100,shift_recovery_lag_mean_requests,CARMA_NO_CLUSTER,,10,1818.925,1700.518125,1927.25,,,,,,,,,
primary_test,summary,phase_shift,100,shift_recovery_lag_mean_requests,CARMA_NO_DECAY,,10,2000.0,2000.0,2000.0,,,,,,,,,
primary_test,summary,phase_shift,100,shift_recovery_lag_mean_requests,CARMA_NO_QUOTA,,10,1818.925,1702.7225,1927.55,,,,,,,,,
primary_test,summary,phase_shift,100,shift_recovery_lag_mean_requests,LFU,,10,2000.0,2000.0,2000.0,,,,,,,,,
primary_test,summary,phase_shift,100,shift_recovery_lag_mean_requests,LRU,,10,2000.0,2000.0,2000.0,,,,,,,,,
primary_test,summary,phase_shift,100,valid_hit_rate,CARMA,,10,0.68261,0.67802975,0.68707025,,,,,,,,,
primary_test,summary,phase_shift,100,valid_hit_rate,CARMA_NO_ADMISSION,,10,0.6785,0.67421,0.68286025,,,,,,,,,
primary_test,summary,phase_shift,100,valid_hit_rate,CARMA_NO_CLUSTER,,10,0.67874,0.67466,0.68281,,,,,,,,,
primary_test,summary,phase_shift,100,valid_hit_rate,CARMA_NO_DECAY,,10,0.5998,0.59619,0.60311,,,,,,,,,
primary_test,summary,phase_shift,100,valid_hit_rate,CARMA_NO_QUOTA,,10,0.67874,0.67454,0.68289,,,,,,,,,
primary_test,summary,phase_shift,100,valid_hit_rate,LFU,,10,0.52181,0.51097,0.53217,,,,,,,,,
primary_test,summary,phase_shift,100,valid_hit_rate,LRU,,10,0.63376,0.62923,0.63854,,,,,,,,,
primary_test,summary,pollution_scan,100,false_hit_rate,CARMA,,10,0.0,0.0,0.0,,,,,,,,,
primary_test,summary,pollution_scan,100,false_hit_rate,CARMA_NO_ADMISSION,,10,0.0,0.0,0.0,,,,,,,,,
primary_test,summary,pollution_scan,100,false_hit_rate,CARMA_NO_CLUSTER,,10,0.0,0.0,0.0,,,,,,,,,
primary_test,summary,pollution_scan,100,false_hit_rate,CARMA_NO_DECAY,,10,0.0,0.0,0.0,,,,,,,,,
primary_test,summary,pollution_scan,100,false_hit_rate,CARMA_NO_QUOTA,,10,0.0,0.0,0.0,,,,,,,,,
primary_test,summary,pollution_scan,100,false_hit_rate,LFU,,10,0.0,0.0,0.0,,,,,,,,,
primary_test,summary,pollution_scan,100,false_hit_rate,LRU,,10,0.0,0.0,0.0,,,,,,,,,
primary_test,summary,pollution_scan,100,opportunity_recall,CARMA,,10,1.0,1.0,1.0,,,,,,,,,
primary_test,summary,pollution_scan,100,opportunity_recall,CARMA_NO_ADMISSION,,10,0.935608109,0.935202704,0.936081081,,,,,,,,,
primary_test,summary,pollution_scan,100,opportunity_recall,CARMA_NO_CLUSTER,,10,1.0,1.0,1.0,,,,,,,,,
primary_test,summary,pollution_scan,100,opportunity_recall,CARMA_NO_DECAY,,10,1.0,1.0,1.0,,,,,,,,,
primary_test,summary,pollution_scan,100,opportunity_recall,CARMA_NO_QUOTA,,10,1.0,1.0,1.0,,,,,,,,,
primary_test,summary,pollution_scan,100,opportunity_recall,LFU,,10,0.999966216,0.99991554,1.0,,,,,,,,,
primary_test,summary,pollution_scan,100,opportunity_recall,LRU,,10,0.98648649,0.98648649,0.98648649,,,,,,,,,
primary_test,summary,pollution_scan,100,safe_token_saving_ratio,CARMA,,10,0.457506665,0.4560707301,0.4590171141,,,,,,,,,
primary_test,summary,pollution_scan,100,safe_token_saving_ratio,CARMA_NO_ADMISSION,,10,0.407577746,0.4061728332,0.408869224,,,,,,,,,
primary_test,summary,pollution_scan,100,safe_token_saving_ratio,CARMA_NO_CLUSTER,,10,0.457506665,0.456056547,0.4589707093,,,,,,,,,
primary_test,summary,pollution_scan,100,safe_token_saving_ratio,CARMA_NO_DECAY,,10,0.457506665,0.4560309779,0.4589832162,,,,,,,,,
primary_test,summary,pollution_scan,100,safe_token_saving_ratio,CARMA_NO_QUOTA,,10,0.457506665,0.4560374909,0.4590096032,,,,,,,,,
primary_test,summary,pollution_scan,100,safe_token_saving_ratio,LFU,,10,0.457491755,0.45603408,0.4589517456,,,,,,,,,
primary_test,summary,pollution_scan,100,safe_token_saving_ratio,LRU,,10,0.447223633,0.4456824917,0.4487282296,,,,,,,,,
primary_test,summary,pollution_scan,100,scan_return_valid_hit_rate,CARMA,,10,1.0,1.0,1.0,,,,,,,,,
primary_test,summary,pollution_scan,100,scan_return_valid_hit_rate,CARMA_NO_ADMISSION,,10,0.872933334,0.872133333,0.873866667,,,,,,,,,
primary_test,summary,pollution_scan,100,scan_return_valid_hit_rate,CARMA_NO_CLUSTER,,10,1.0,1.0,1.0,,,,,,,,,
primary_test,summary,pollution_scan,100,scan_return_valid_hit_rate,CARMA_NO_DECAY,,10,1.0,1.0,1.0,,,,,,,,,
primary_test,summary,pollution_scan,100,scan_return_valid_hit_rate,CARMA_NO_QUOTA,,10,1.0,1.0,1.0,,,,,,,,,
primary_test,summary,pollution_scan,100,scan_return_valid_hit_rate,LFU,,10,0.999933334,0.999833335,1.0,,,,,,,,,
primary_test,summary,pollution_scan,100,scan_return_valid_hit_rate,LRU,,10,0.97333333,0.97333333,0.97333333,,,,,,,,,
primary_test,summary,pollution_scan,100,valid_hit_rate,CARMA,,10,0.592,0.592,0.592,,,,,,,,,
primary_test,summary,pollution_scan,100,valid_hit_rate,CARMA_NO_ADMISSION,,10,0.55388,0.55364,0.55415,,,,,,,,,
primary_test,summary,pollution_scan,100,valid_hit_rate,CARMA_NO_CLUSTER,,10,0.592,0.592,0.592,,,,,,,,,
primary_test,summary,pollution_scan,100,valid_hit_rate,CARMA_NO_DECAY,,10,0.592,0.592,0.592,,,,,,,,,
primary_test,summary,pollution_scan,100,valid_hit_rate,CARMA_NO_QUOTA,,10,0.592,0.592,0.592,,,,,,,,,
primary_test,summary,pollution_scan,100,valid_hit_rate,LFU,,10,0.59198,0.59195,0.592,,,,,,,,,
primary_test,summary,pollution_scan,100,valid_hit_rate,LRU,,10,0.584,0.584,0.584,,,,,,,,,
primary_test,summary,stationary,100,false_hit_rate,CARMA,,10,0.0,0.0,0.0,,,,,,,,,
primary_test,summary,stationary,100,false_hit_rate,CARMA_NO_ADMISSION,,10,0.0,0.0,0.0,,,,,,,,,
primary_test,summary,stationary,100,false_hit_rate,CARMA_NO_CLUSTER,,10,0.0,0.0,0.0,,,,,,,,,
primary_test,summary,stationary,100,false_hit_rate,CARMA_NO_DECAY,,10,0.0,0.0,0.0,,,,,,,,,
primary_test,summary,stationary,100,false_hit_rate,CARMA_NO_QUOTA,,10,0.0,0.0,0.0,,,,,,,,,
primary_test,summary,stationary,100,false_hit_rate,LFU,,10,0.0,0.0,0.0,,,,,,,,,
primary_test,summary,stationary,100,false_hit_rate,LRU,,10,0.0,0.0,0.0,,,,,,,,,
primary_test,summary,stationary,100,opportunity_recall,CARMA,,10,0.76260252,0.7590464971,0.766557691,,,,,,,,,
primary_test,summary,stationary,100,opportunity_recall,CARMA_NO_ADMISSION,,10,0.740116311,0.7359842131,0.7441879203,,,,,,,,,
primary_test,summary,stationary,100,opportunity_recall,CARMA_NO_CLUSTER,,10,0.767448883,0.7636264837,0.7710357983,,,,,,,,,
primary_test,summary,stationary,100,opportunity_recall,CARMA_NO_DECAY,,10,0.769187067,0.764483615,0.7737915868,,,,,,,,,
primary_test,summary,stationary,100,opportunity_recall,CARMA_NO_QUOTA,,10,0.767448883,0.7636438377,0.7709716177,,,,,,,,,
primary_test,summary,stationary,100,opportunity_recall,LFU,,10,0.6631917,0.6545066379,0.671818146,,,,,,,,,
primary_test,summary,stationary,100,opportunity_recall,LRU,,10,0.606562255,0.6023999479,0.6105146881,,,,,,,,,
primary_test,summary,stationary,100,safe_token_saving_ratio,CARMA,,10,0.467647253,0.4563752215,0.4785901764,,,,,,,,,
primary_test,summary,stationary,100,safe_token_saving_ratio,CARMA_NO_ADMISSION,,10,0.447348323,0.4357117929,0.4582330331,,,,,,,,,
primary_test,summary,stationary,100,safe_token_saving_ratio,CARMA_NO_CLUSTER,,10,0.471777858,0.4609968568,0.4823484659,,,,,,,,,
primary_test,summary,stationary,100,safe_token_saving_ratio,CARMA_NO_DECAY,,10,0.474268989,0.4622718726,0.4857795157,,,,,,,,,
primary_test,summary,stationary,100,safe_token_saving_ratio,CARMA_NO_QUOTA,,10,0.471777858,0.4610904105,0.4820181587,,,,,,,,,
primary_test,summary,stationary,100,safe_token_saving_ratio,LFU,,10,0.372614858,0.3590181147,0.3871719859,,,,,,,,,
primary_test,summary,stationary,100,safe_token_saving_ratio,LRU,,10,0.32764744,0.315827222,0.3390444092,,,,,,,,,
primary_test,summary,stationary,100,valid_hit_rate,CARMA,,10,0.54636,0.54295,0.55006,,,,,,,,,
primary_test,summary,stationary,100,valid_hit_rate,CARMA_NO_ADMISSION,,10,0.53025,0.52666,0.53399,,,,,,,,,
primary_test,summary,stationary,100,valid_hit_rate,CARMA_NO_CLUSTER,,10,0.54983,0.54656,0.55325,,,,,,,,,
primary_test,summary,stationary,100,valid_hit_rate,CARMA_NO_DECAY,,10,0.55108,0.54700975,0.55536,,,,,,,,,
primary_test,summary,stationary,100,valid_hit_rate,CARMA_NO_QUOTA,,10,0.54983,0.5466,0.55335025,,,,,,,,,
primary_test,summary,stationary,100,valid_hit_rate,LFU,,10,0.47514,0.46852,0.48173025,,,,,,,,,
primary_test,summary,stationary,100,valid_hit_rate,LRU,,10,0.43457,0.43090975,0.43806,,,,,,,,,
