schema_version,attempt_id,run_id,child_pid,child_exit_status,storage_instance_sha256,mode,seed,policy,order_position,trace_hash,requests,capacity,embedding_dimension,embedding_norm_verified,provider_verified,warmup_artifact_sha256,dependency_attestation_pre_verified,dependency_attestation_post_verified,dependency_attestation_sha256,environment_sha256,bootstrap_attestation_sha256,imported_origins_pre_sha256,imported_origins_post_sha256,asset_integrity_pre_verified,asset_integrity_post_verified,model_asset_digest_sha256,tokenizer_asset_digest_sha256,request_buffer_rows_reserved,embedding_buffer_bytes_reserved,hits,misses,same_concept_hits,direct_negative_hits,component_derived_negative_hits,unlabeled_cross_concept_hits,unresolved_provenance_hits,labeled_negative_hits,cross_concept_hits,response_id_mismatches,source_response_mismatches,unrecognized_response_ids,stale_candidates,capacity_excess_requests,structural_failure_requests,structural_failure_flags_total,structural_valid,storage_failure,semantic_guardrail_status,semantic_index_sha256,semantic_index_artifact_sha256,max_cache_size,admissions,rejections,evictions,service_seconds,loop_seconds,throughput_qps,service_throughput_qps,loop_throughput_qps,loop_start_monotonic_ns,loop_end_monotonic_ns,cpu_user_seconds,cpu_system_seconds,cpu_total_seconds,cpu_user_lifecycle_seconds,cpu_system_lifecycle_seconds,resource_window_seconds,cpu_utilization_percent,io_read_count_delta,io_write_count_delta,io_read_bytes_delta,io_write_bytes_delta,rss_post_warmup_bytes,uss_post_warmup_bytes,rss_high_water_bytes,rss_start_bytes,rss_end_bytes,rss_mean_bytes,rss_peak_sampled_bytes,rss_peak_bytes,rss_incremental_peak_bytes,rss_end_minus_start_bytes,uss_start_bytes,uss_end_bytes,uss_mean_bytes,uss_peak_bytes,uss_incremental_peak_bytes,uss_end_minus_start_bytes,embedding_digest_sha256,timer_overhead_median_ns,timer_overhead_p95_ns,final_scalar_count,final_vector_count,deleted_scalar_count,verified_entries,end_to_end_mean_us,end_to_end_p50_us,end_to_end_p95_us,end_to_end_p99_us,post_embedding_mean_us,post_embedding_p50_us,post_embedding_p95_us,post_embedding_p99_us,embedding_mean_us,embedding_p50_us,embedding_p95_us,embedding_p99_us,faiss_mean_us,faiss_p50_us,faiss_p95_us,faiss_p99_us,sqlite_mean_us,sqlite_p50_us,sqlite_p95_us,sqlite_p99_us,policy_exclusive_mean_us,policy_exclusive_p50_us,policy_exclusive_p95_us,policy_exclusive_p99_us,policy_inclusive_mean_us,policy_inclusive_p50_us,policy_inclusive_p95_us,policy_inclusive_p99_us,response_return_mean_us,response_return_p50_us,response_return_p95_us,response_return_p99_us,residual_mean_us,residual_p50_us,residual_p95_us,residual_p99_us
carma-gate7-onnx-v5,20260831T165417640322Z-f59d64d93a55,ec071721baefa2a8edf2,31897,0,da23658368c2ae12a6a60eba3f6e9fbcd3736dbdec736505da937bd1fad8ae63,full,20261201,CARMA,0,305882471348d4eab2d54026e48305242d93d8df842a8150f70b08590db07f1b,3000,100,768,True,True,8a6a3d155f1a3d87d90f9b6927bf81a83b6d6153f9439058e7c800bc0fa11b16,True,True,61f97719508d7c947e4671b73fbf020bb58181880403064a9b3c925d293f0fe1,08b07b65f2fa8de6eab2d116a6597cf7714535159bed760393eb269a21499ca3,a0d663246f5e618e1166cd4b4eb33a989a94005f7d8dfd755cbe5aedd3960722,0d09b38ae15d81d34fee00ace680eddccb96fa6642f7ddf4f66fb496e1aab690,0d09b38ae15d81d34fee00ace680eddccb96fa6642f7ddf4f66fb496e1aab690,True,True,af8dd7ee021644802c30f27709e46ad77e65425d527ecdca8346995dea83d7ce,41f1aee1afa8c01eecd6f60e8097836cb8e97bae95bf2f7fe34d85c5764f9deb,3000,9216000,1720,1280,1720,0,0,0,0,0,0,0,0,0,0,0,0,0,True,,PASS_OBSERVED,5e50b04ee4cef4fdda722f3c02dc5c64b7342da37f6ce0cbd88374cb73201bff,a5965f8cf20ea21760e5fc6254fb60ed50eed483466f3d16b225185b9b7df82b,100,100,1180,0,1513.424082923,1513.591714125,1.98226,1.98226,1.98204,72290334149791,73803925863916,1503.393552384,5.434613248,1508.828165632,1509.209217024,7.724084224,1514.006268625,99.657987,,,,,408469504,366362624,419332096,408469504,344195072,378222223.682,419332096,419332096,10862592,-64274432,,,,,,,3e904d46f31e7f7a3af10de38fb96ef5e320a4b49872b8b47207633f6f629595,41,42,100,100,0,100,504474.694308,497877.25,546029.042,600241.709,3281.039685,2183.5,5770.044,6455.956,501193.654623,493862.375,543243.416,595633.0,57.855209,45.417,81.709,232.457,3011.132459,2030.041,5270.459,5876.374,110.336777,11.083,267.458,300.834,875.573929,11.083,2749.208,3032.083,5.422808,5.292,6.666,8.5,94.64285,85.627,129.25,148.126
carma-gate7-onnx-v5,20260831T165417640322Z-f59d64d93a55,a9914a38fcbdca5be9cb,32568,0,ba3792f0a631809e44830d4596ffa7804e114137983bf01f002e73cc4c28253b,full,20261201,LFU,1,305882471348d4eab2d54026e48305242d93d8df842a8150f70b08590db07f1b,3000,100,768,True,True,8a6a3d155f1a3d87d90f9b6927bf81a83b6d6153f9439058e7c800bc0fa11b16,True,True,61f97719508d7c947e4671b73fbf020bb58181880403064a9b3c925d293f0fe1,08b07b65f2fa8de6eab2d116a6597cf7714535159bed760393eb269a21499ca3,a0d663246f5e618e1166cd4b4eb33a989a94005f7d8dfd755cbe5aedd3960722,0d09b38ae15d81d34fee00ace680eddccb96fa6642f7ddf4f66fb496e1aab690,0d09b38ae15d81d34fee00ace680eddccb96fa6642f7ddf4f66fb496e1aab690,True,True,af8dd7ee021644802c30f27709e46ad77e65425d527ecdca8346995dea83d7ce,41f1aee1afa8c01eecd6f60e8097836cb8e97bae95bf2f7fe34d85c5764f9deb,3000,9216000,1720,1280,1720,0,0,0,0,0,0,0,0,0,0,0,0,0,True,,PASS_OBSERVED,5e50b04ee4cef4fdda722f3c02dc5c64b7342da37f6ce0cbd88374cb73201bff,a5965f8cf20ea21760e5fc6254fb60ed50eed483466f3d16b225185b9b7df82b,100,1280,0,1180,1511.343824496,1511.509490833,1.984988,1.984988,1.984771,73851451927000,75362961417833,1502.915928064,5.229260288,1508.145188352,1508.845568,7.547261184,1511.919887375,99.750337,,,,,407289856,365182976,439123968,407289856,419348480,417884999.056,419348480,419348480,12058624,12058624,,,,,,,3e904d46f31e7f7a3af10de38fb96ef5e320a4b49872b8b47207633f6f629595,42,42,100,100,0,100,503781.274832,498608.541,536262.791,590846.208,3214.563422,2126.25,5629.0,6214.125,500566.71141,494588.707,533339.0,588485.541,55.537041,43.333,78.792,220.917,3049.443848,1990.208,5379.083,5929.958,13.709791,4.333,32.999,37.208,839.712743,4.333,2611.083,2923.25,5.19577,5.084,6.21,8.001,89.098998,83.917,120.293,134.498
carma-gate7-onnx-v5,20260831T165417640322Z-f59d64d93a55,58cd5922ccc0b78ac0c9,32908,0,859a16953a2592cf2a8bb0f6c9c4afb76176c2637422fbe46c82be0a690b053d,full,20261201,LRU,2,305882471348d4eab2d54026e48305242d93d8df842a8150f70b08590db07f1b,3000,100,768,True,True,8a6a3d155f1a3d87d90f9b6927bf81a83b6d6153f9439058e7c800bc0fa11b16,True,True,61f97719508d7c947e4671b73fbf020bb58181880403064a9b3c925d293f0fe1,08b07b65f2fa8de6eab2d116a6597cf7714535159bed760393eb269a21499ca3,a0d663246f5e618e1166cd4b4eb33a989a94005f7d8dfd755cbe5aedd3960722,0d09b38ae15d81d34fee00ace680eddccb96fa6642f7ddf4f66fb496e1aab690,0d09b38ae15d81d34fee00ace680eddccb96fa6642f7ddf4f66fb496e1aab690,True,True,af8dd7ee021644802c30f27709e46ad77e65425d527ecdca8346995dea83d7ce,41f1aee1afa8c01eecd6f60e8097836cb8e97bae95bf2f7fe34d85c5764f9deb,3000,9216000,1640,1360,1640,0,0,0,0,0,0,0,0,0,0,0,0,0,True,,PASS_OBSERVED,5e50b04ee4cef4fdda722f3c02dc5c64b7342da37f6ce0cbd88374cb73201bff,a5965f8cf20ea21760e5fc6254fb60ed50eed483466f3d16b225185b9b7df82b,100,1360,0,1260,1495.011897539,1495.171042375,2.006673,2.006673,2.006459,75412854325958,76908025368333,1488.536373248,4.702024448,1493.238397696,1494.400350208,7.033530368,1495.580649083,99.843388,,,,,406913024,364806144,450576384,406913024,417808384,416859120.87,417808384,417808384,10895360,10895360,,,,,,,3e904d46f31e7f7a3af10de38fb96ef5e320a4b49872b8b47207633f6f629595,41,42,100,100,0,100,498337.29918,496905.792,501123.167,512880.5,3282.201062,2059.082,5754.418,6161.166,495055.098117,494440.707,497719.626,508237.041,72.042873,41.25,115.916,265.125,3102.200481,1930.5,5454.583,5829.877,13.916163,4.0,33.169,36.331,929.086425,4.0,2756.334,2978.458,4.864072,4.751,5.709,7.751,87.768394,77.875,114.668,123.748
carma-gate7-onnx-v5,20260831T165417640322Z-f59d64d93a55,57c03ad444a6a3d3047c,33233,0,3f0f2cbd5daa039ef79f9f84ebfdc862e6fcb5811298d14d1644119709dfb03b,full,20261202,LFU,0,b6ac42d65311fbff905d5e9370118ec23cd59a71281f8a60f2109db56889dd63,3000,100,768,True,True,df9ac58f936dd82f4a67bcd9143b8d6f0964586e67b23d5582dbb6e09c62e211,True,True,61f97719508d7c947e4671b73fbf020bb58181880403064a9b3c925d293f0fe1,08b07b65f2fa8de6eab2d116a6597cf7714535159bed760393eb269a21499ca3,a0d663246f5e618e1166cd4b4eb33a989a94005f7d8dfd755cbe5aedd3960722,0d09b38ae15d81d34fee00ace680eddccb96fa6642f7ddf4f66fb496e1aab690,0d09b38ae15d81d34fee00ace680eddccb96fa6642f7ddf4f66fb496e1aab690,True,True,af8dd7ee021644802c30f27709e46ad77e65425d527ecdca8346995dea83d7ce,41f1aee1afa8c01eecd6f60e8097836cb8e97bae95bf2f7fe34d85c5764f9deb,3000,9216000,1720,1280,1720,0,0,0,0,0,0,0,0,0,0,0,0,0,True,,PASS_OBSERVED,5a645ec9efde097bb43f57d053bef7a7c8e2d433260ed99eeb46d43cdd2d344d,71a21e589a9fbd33cd590bc843c2e36d3a6a54edd5fff5227446d8de2a6e1917,100,1280,0,1180,1493.117617902,1493.27643775,2.009219,2.009219,2.009005,76958264110833,78451540548583,1486.868164608,4.579302144,1491.447466752,1492.749031424,6.879515904,1493.68974025,99.849884,,,,,407142400,365051904,452001792,407142400,418299904,417254325.555,418299904,418299904,11157504,11157504,,,,,,,dff4bcb60610e6cf638b50685369e52f78d2371dfdb06fb22f77628ea405fd94,42,42,100,100,0,100,497705.872634,496430.417,500571.0,511839.709,3141.288888,1973.917,5571.0,6017.875,494564.583746,494050.125,496468.75,506686.416,51.685956,39.875,73.292,210.334,2985.184879,1848.792,5330.085,5746.166,13.437399,3.833,33.083,36.084,841.468953,3.833,2630.333,2911.5,5.002834,4.916,5.833,7.917,84.594351,73.209,113.999,123.25
carma-gate7-onnx-v5,20260831T165417640322Z-f59d64d93a55,259b7cc9567fd86c00ca,33576,0,e7ac37896bb359249ce5b8a44bff4813e933726213bdabed22ee39f128d7ed95,full,20261202,LRU,1,b6ac42d65311fbff905d5e9370118ec23cd59a71281f8a60f2109db56889dd63,3000,100,768,True,True,df9ac58f936dd82f4a67bcd9143b8d6f0964586e67b23d5582dbb6e09c62e211,True,True,61f97719508d7c947e4671b73fbf020bb58181880403064a9b3c925d293f0fe1,08b07b65f2fa8de6eab2d116a6597cf7714535159bed760393eb269a21499ca3,a0d663246f5e618e1166cd4b4eb33a989a94005f7d8dfd755cbe5aedd3960722,0d09b38ae15d81d34fee00ace680eddccb96fa6642f7ddf4f66fb496e1aab690,0d09b38ae15d81d34fee00ace680eddccb96fa6642f7ddf4f66fb496e1aab690,True,True,af8dd7ee021644802c30f27709e46ad77e65425d527ecdca8346995dea83d7ce,41f1aee1afa8c01eecd6f60e8097836cb8e97bae95bf2f7fe34d85c5764f9deb,3000,9216000,1640,1360,1640,0,0,0,0,0,0,0,0,0,0,0,0,0,True,,PASS_OBSERVED,5a645ec9efde097bb43f57d053bef7a7c8e2d433260ed99eeb46d43cdd2d344d,71a21e589a9fbd33cd590bc843c2e36d3a6a54edd5fff5227446d8de2a6e1917,100,1360,0,1260,1499.719700278,1499.879984584,2.000374,2.000374,2.00016,78500821385791,80000701370375,1492.319637504,4.774057984,1497.093695488,1498.124234752,7.082633472,1500.292991625,99.786755,,,,,407076864,364986368,450838528,407076864,418119680,417089033.145,418119680,418119680,11042816,11042816,,,,,,,dff4bcb60610e6cf638b50685369e52f78d2371dfdb06fb22f77628ea405fd94,42,42,100,100,0,100,499906.566759,497648.5,501520.5,554754.708,3296.517609,2050.417,5789.792,6244.876,496610.04915,495212.124,497153.333,548686.584,70.576453,41.334,116.625,252.541,3117.645691,1921.542,5509.291,5923.002,14.021222,4.667,32.542,37.667,933.03321,4.667,2761.334,2983.666,5.075811,4.834,7.668,8.624,87.743887,77.207,115.376,146.705
carma-gate7-onnx-v5,20260831T165417640322Z-f59d64d93a55,31e0800539aeb42b1d96,33897,0,919e6b2639df07ea62448776d62c4b5fd1749320f1fa0904560d74c88a0bb6d3,full,20261202,CARMA,2,b6ac42d65311fbff905d5e9370118ec23cd59a71281f8a60f2109db56889dd63,3000,100,768,True,True,df9ac58f936dd82f4a67bcd9143b8d6f0964586e67b23d5582dbb6e09c62e211,True,True,61f97719508d7c947e4671b73fbf020bb58181880403064a9b3c925d293f0fe1,08b07b65f2fa8de6eab2d116a6597cf7714535159bed760393eb269a21499ca3,a0d663246f5e618e1166cd4b4eb33a989a94005f7d8dfd755cbe5aedd3960722,0d09b38ae15d81d34fee00ace680eddccb96fa6642f7ddf4f66fb496e1aab690,0d09b38ae15d81d34fee00ace680eddccb96fa6642f7ddf4f66fb496e1aab690,True,True,af8dd7ee021644802c30f27709e46ad77e65425d527ecdca8346995dea83d7ce,41f1aee1afa8c01eecd6f60e8097836cb8e97bae95bf2f7fe34d85c5764f9deb,3000,9216000,1720,1280,1720,0,0,0,0,0,0,0,0,0,0,0,0,0,True,,PASS_OBSERVED,5a645ec9efde097bb43f57d053bef7a7c8e2d433260ed99eeb46d43cdd2d344d,71a21e589a9fbd33cd590bc843c2e36d3a6a54edd5fff5227446d8de2a6e1917,100,100,1180,0,1493.985063515,1494.143363375,2.008052,2.008052,2.007839,80050256889250,81544400252625,1487.710294016,4.622061824,1492.33235584,1493.624178688,6.935059712,1494.557913292,99.851089,,,,,408223744,366133248,452575232,408223744,419545088,418458413.473,419545088,419545088,11321344,11321344,,,,,,,dff4bcb60610e6cf638b50685369e52f78d2371dfdb06fb22f77628ea405fd94,41,42,100,100,0,100,497995.021172,496705.0,500852.666,509626.542,3166.241038,2003.0,5585.125,6061.125,494828.780134,494338.417,497708.959,505732.5,51.962545,39.458,75.001,212.457,2913.45489,1863.542,5126.123,5561.334,107.273826,9.125,255.959,266.876,868.940727,9.125,2674.834,2950.209,5.16224,4.958,7.749,8.584,86.873422,76.124,115.92,124.956
carma-gate7-onnx-v5,20260831T165417640322Z-f59d64d93a55,aec7c08454fc1ef95b93,34209,0,ad1f68b885c1e0e4da177c3accac6140ff2298365f17f1f2447c221253898337,full,20261203,LRU,0,81af2726bf2d3aee96b0fb7fb8f7c4022151c3c165f0042ea37e09f008737e0b,3000,100,768,True,True,af60d4ff3abc3ae6e041451879d60d25eb8b934538ae4414506e7846208110b9,True,True,61f97719508d7c947e4671b73fbf020bb58181880403064a9b3c925d293f0fe1,08b07b65f2fa8de6eab2d116a6597cf7714535159bed760393eb269a21499ca3,a0d663246f5e618e1166cd4b4eb33a989a94005f7d8dfd755cbe5aedd3960722,0d09b38ae15d81d34fee00ace680eddccb96fa6642f7ddf4f66fb496e1aab690,0d09b38ae15d81d34fee00ace680eddccb96fa6642f7ddf4f66fb496e1aab690,True,True,af8dd7ee021644802c30f27709e46ad77e65425d527ecdca8346995dea83d7ce,41f1aee1afa8c01eecd6f60e8097836cb8e97bae95bf2f7fe34d85c5764f9deb,3000,9216000,1640,1360,1640,0,0,0,0,0,0,0,0,0,0,0,0,0,True,,PASS_OBSERVED,37388b48089c9f7bf0ab5ad596d769ef3f5ae6138429ae60b66921a283db93ea,c4ace270d610232588f03de10878a141b5a6a7a799dfa76f614264c11ac1569e,100,1360,0,1260,1494.971297026,1495.13148875,2.006727,2.006727,2.006512,81594011826291,83089143315041,1488.594778112,4.64306432,1493.237842432,1494.46537216,6.945216512,1495.541366042,99.845974,,,,,407617536,365559808,451379200,407617536,418545664,417560225.059,418545664,418545664,10928128,10928128,,,,,,,edf170900e5100fcedd4dc424ab4b984d24e2f13f6381cbda6d4240150bc8006,42,83,100,100,0,100,498323.765675,496957.958,500798.75,509550.333,3253.328854,2034.834,5648.626,6055.582,495070.436821,494569.125,496399.207,505858.917,69.864663,41.541,116.333,253.291,3075.442895,1906.25,5344.5,5745.042,13.635625,4.125,31.918,34.751,915.472617,4.125,2689.083,2970.209,4.974534,4.834,5.876,8.125,87.972458,78.628,114.834,124.791
carma-gate7-onnx-v5,20260831T165417640322Z-f59d64d93a55,6f7620b28e524c0f0d5f,34529,0,dc83715a288aecfebd98078cd0191d2195e002ee673025719344b9987fffd9c7,full,20261203,CARMA,1,81af2726bf2d3aee96b0fb7fb8f7c4022151c3c165f0042ea37e09f008737e0b,3000,100,768,True,True,af60d4ff3abc3ae6e041451879d60d25eb8b934538ae4414506e7846208110b9,True,True,61f97719508d7c947e4671b73fbf020bb58181880403064a9b3c925d293f0fe1,08b07b65f2fa8de6eab2d116a6597cf7714535159bed760393eb269a21499ca3,a0d663246f5e618e1166cd4b4eb33a989a94005f7d8dfd755cbe5aedd3960722,0d09b38ae15d81d34fee00ace680eddccb96fa6642f7ddf4f66fb496e1aab690,0d09b38ae15d81d34fee00ace680eddccb96fa6642f7ddf4f66fb496e1aab690,True,True,af8dd7ee021644802c30f27709e46ad77e65425d527ecdca8346995dea83d7ce,41f1aee1afa8c01eecd6f60e8097836cb8e97bae95bf2f7fe34d85c5764f9deb,3000,9216000,1720,1280,1720,0,0,0,0,0,0,0,0,0,0,0,0,0,True,,PASS_OBSERVED,37388b48089c9f7bf0ab5ad596d769ef3f5ae6138429ae60b66921a283db93ea,c4ace270d610232588f03de10878a141b5a6a7a799dfa76f614264c11ac1569e,100,100,1180,0,1494.692960908,1494.850850375,2.007101,2.007101,2.006889,83137975910500,84632826760875,1488.338038784,4.670311168,1493.008349952,1494.152699904,6.955779584,1495.269250125,99.848796,,,,,407519232,365461504,452198400,407519232,419102720,417938237.663,419102720,419102720,11583488,11583488,,,,,,,edf170900e5100fcedd4dc424ab4b984d24e2f13f6381cbda6d4240150bc8006,41,42,100,100,0,100,498230.986969,496901.166,501304.666,511633.042,3186.906312,2035.292,5661.709,6102.751,495044.080657,494582.875,498110.0,508232.959,52.858231,40.0,75.959,214.25,2933.028916,1896.791,5188.333,5603.791,107.390279,9.834,255.625,267.875,876.793074,9.834,2715.75,2980.292,5.094724,4.957,6.291,8.251,87.044432,77.625,114.501,122.376
carma-gate7-onnx-v5,20260831T165417640322Z-f59d64d93a55,edd347665122ad05bc42,34848,0,2f3ee39d303b315a681c8d7ce647a0a51db09a8ff635b6943dc011906b111969,full,20261203,LFU,2,81af2726bf2d3aee96b0fb7fb8f7c4022151c3c165f0042ea37e09f008737e0b,3000,100,768,True,True,af60d4ff3abc3ae6e041451879d60d25eb8b934538ae4414506e7846208110b9,True,True,61f97719508d7c947e4671b73fbf020bb58181880403064a9b3c925d293f0fe1,08b07b65f2fa8de6eab2d116a6597cf7714535159bed760393eb269a21499ca3,a0d663246f5e618e1166cd4b4eb33a989a94005f7d8dfd755cbe5aedd3960722,0d09b38ae15d81d34fee00ace680eddccb96fa6642f7ddf4f66fb496e1aab690,0d09b38ae15d81d34fee00ace680eddccb96fa6642f7ddf4f66fb496e1aab690,True,True,af8dd7ee021644802c30f27709e46ad77e65425d527ecdca8346995dea83d7ce,41f1aee1afa8c01eecd6f60e8097836cb8e97bae95bf2f7fe34d85c5764f9deb,3000,9216000,1720,1280,1720,0,0,0,0,0,0,0,0,0,0,0,0,0,True,,PASS_OBSERVED,37388b48089c9f7bf0ab5ad596d769ef3f5ae6138429ae60b66921a283db93ea,c4ace270d610232588f03de10878a141b5a6a7a799dfa76f614264c11ac1569e,100,1280,0,1180,1495.677852622,1495.835434167,2.00578,2.00578,2.005568,84681877149458,86177712583625,1489.441345536,4.4669952,1493.908340736,1495.308371968,6.749697024,1496.246316291,99.843744,,,,,408158208,366100480,452018176,408158208,419233792,418207182.867,419233792,419233792,11075584,11075584,,,,,,,edf170900e5100fcedd4dc424ab4b984d24e2f13f6381cbda6d4240150bc8006,41,83,100,100,0,100,498559.284207,497314.625,501047.25,507185.125,3177.005589,2003.958,5626.042,6032.918,495382.278618,495003.208,496091.666,504259.001,52.060815,40.458,73.999,216.417,3019.26346,1878.291,5375.085,5757.958,13.336952,3.958,32.709,34.999,854.503189,3.958,2645.917,2936.875,4.967378,4.833,6.083,8.25,85.99422,75.748,113.545,120.959
carma-gate7-onnx-v5,20260831T165417640322Z-f59d64d93a55,7cb2cd915de4a85af63f,35139,0,de7d046d7668d451f94759ec50df57ca631293b7b1456b8fa1c6ffb6ab1d3160,full,20261204,LRU,0,728c86520dc74e394f85fb4435de06746277e7615a083d0c14f72f941102aa58,3000,100,768,True,True,b41a2b12241dc69d994a52bdf37c28ec6acb97376c0dda8f933d5feb5beb37c9,True,True,61f97719508d7c947e4671b73fbf020bb58181880403064a9b3c925d293f0fe1,08b07b65f2fa8de6eab2d116a6597cf7714535159bed760393eb269a21499ca3,a0d663246f5e618e1166cd4b4eb33a989a94005f7d8dfd755cbe5aedd3960722,0d09b38ae15d81d34fee00ace680eddccb96fa6642f7ddf4f66fb496e1aab690,0d09b38ae15d81d34fee00ace680eddccb96fa6642f7ddf4f66fb496e1aab690,True,True,af8dd7ee021644802c30f27709e46ad77e65425d527ecdca8346995dea83d7ce,41f1aee1afa8c01eecd6f60e8097836cb8e97bae95bf2f7fe34d85c5764f9deb,3000,9216000,1640,1360,1640,0,0,0,0,0,0,0,0,0,0,0,0,0,True,,PASS_OBSERVED,2c356a4c63cac412620aa9979f7177a65cba38a641b0de628d74ee7dbcb6ed78,5bc3fda7a947fdb04c5062571319a485ab8d8307ee882eae8b8fc874f271b28f,100,1360,0,1260,1496.418070226,1496.576742875,2.004787,2.004787,2.004575,86226628773250,87723205516125,1489.464506368,4.880604672,1494.34511104,1495.27712768,7.166306816,1496.988404541,99.823426,,,,,408305664,366247936,425525248,408305664,392855552,398975803.9,417857536,417857536,9551872,-15450112,,,,,,,a2bcc00dacc0bbbe8741903fd310cedebe6b20d07c5208a3a84e35724e8fda2a,41,42,100,100,0,100,498806.023409,497266.125,502663.416,518142.167,3296.009386,2101.084,5723.459,6236.792,495510.014022,494682.625,499119.251,515665.875,71.625242,42.459,117.625,258.667,3117.524462,1970.083,5428.792,5813.25,13.590848,4.292,32.168,35.292,931.325526,4.292,2762.75,3003.75,4.951685,4.874,5.75,7.749,86.909495,78.709,113.624,123.791
carma-gate7-onnx-v5,20260831T165417640322Z-f59d64d93a55,018e574f2264e799ebd7,35504,0,a1079aa07ca4796ca2506e7e0ff03d20c28249a821d92f162dda3c885cef343a,full,20261204,LFU,1,728c86520dc74e394f85fb4435de06746277e7615a083d0c14f72f941102aa58,3000,100,768,True,True,b41a2b12241dc69d994a52bdf37c28ec6acb97376c0dda8f933d5feb5beb37c9,True,True,61f97719508d7c947e4671b73fbf020bb58181880403064a9b3c925d293f0fe1,08b07b65f2fa8de6eab2d116a6597cf7714535159bed760393eb269a21499ca3,a0d663246f5e618e1166cd4b4eb33a989a94005f7d8dfd755cbe5aedd3960722,0d09b38ae15d81d34fee00ace680eddccb96fa6642f7ddf4f66fb496e1aab690,0d09b38ae15d81d34fee00ace680eddccb96fa6642f7ddf4f66fb496e1aab690,True,True,af8dd7ee021644802c30f27709e46ad77e65425d527ecdca8346995dea83d7ce,41f1aee1afa8c01eecd6f60e8097836cb8e97bae95bf2f7fe34d85c5764f9deb,3000,9216000,1720,1280,1720,0,0,0,0,0,0,0,0,0,0,0,0,0,True,,PASS_OBSERVED,2c356a4c63cac412620aa9979f7177a65cba38a641b0de628d74ee7dbcb6ed78,5bc3fda7a947fdb04c5062571319a485ab8d8307ee882eae8b8fc874f271b28f,100,1280,0,1180,1495.450741582,1495.608136042,2.006084,2.006084,2.005873,87771879649541,89267487785583,1488.481734656,4.733743104,1493.21547776,1494.306338816,7.027730432,1496.025675208,99.812156,,,,,405782528,363724800,452100096,405782528,418447360,416240043.613,418447360,418447360,12664832,12664832,,,,,,,a2bcc00dacc0bbbe8741903fd310cedebe6b20d07c5208a3a84e35724e8fda2a,41,83,100,100,0,100,498483.580527,496225.708,501762.958,550591.041,3155.984726,1978.584,5609.584,5982.709,495327.595801,493961.125,498154.291,547747.916,51.757278,38.375,74.25,217.083,2999.179643,1855.75,5362.417,5732.374,13.264147,4.0,32.665,35.001,847.148479,4.0,2652.75,2913.5,4.943731,4.833,5.917,8.043,85.385258,74.336,114.334,125.208
carma-gate7-onnx-v5,20260831T165417640322Z-f59d64d93a55,13128014bbe295717431,35784,0,b2dcde5ca779eabfd99b594c4a2e5c5791494b70d9418495fa4f8947289c74b2,full,20261204,CARMA,2,728c86520dc74e394f85fb4435de06746277e7615a083d0c14f72f941102aa58,3000,100,768,True,True,b41a2b12241dc69d994a52bdf37c28ec6acb97376c0dda8f933d5feb5beb37c9,True,True,61f97719508d7c947e4671b73fbf020bb58181880403064a9b3c925d293f0fe1,08b07b65f2fa8de6eab2d116a6597cf7714535159bed760393eb269a21499ca3,a0d663246f5e618e1166cd4b4eb33a989a94005f7d8dfd755cbe5aedd3960722,0d09b38ae15d81d34fee00ace680eddccb96fa6642f7ddf4f66fb496e1aab690,0d09b38ae15d81d34fee00ace680eddccb96fa6642f7ddf4f66fb496e1aab690,True,True,af8dd7ee021644802c30f27709e46ad77e65425d527ecdca8346995dea83d7ce,41f1aee1afa8c01eecd6f60e8097836cb8e97bae95bf2f7fe34d85c5764f9deb,3000,9216000,1720,1280,1720,0,0,0,0,0,0,0,0,0,0,0,0,0,True,,PASS_OBSERVED,2c356a4c63cac412620aa9979f7177a65cba38a641b0de628d74ee7dbcb6ed78,5bc3fda7a947fdb04c5062571319a485ab8d8307ee882eae8b8fc874f271b28f,100,100,1180,0,1498.306020913,1498.46228225,2.002261,2.002261,2.002052,89316014022458,90814476304708,1491.069956096,4.83205376,1495.902009856,1496.941625344,7.140413184,1498.876362334,99.801561,,,,,408322048,366264320,453263360,408322048,420249600,419101487.101,420249600,420249600,11927552,11927552,,,,,,,a2bcc00dacc0bbbe8741903fd310cedebe6b20d07c5208a3a84e35724e8fda2a,41,42,100,100,0,100,499435.340304,497227.834,503811.0,551545.375,3177.471364,2050.623,5581.46,5991.917,496257.86894,494735.25,499551.126,548883.418,51.619947,39.958,72.918,214.667,2926.139557,1909.75,5102.333,5541.083,105.993261,10.042,252.875,267.334,868.218128,10.042,2672.666,2943.208,5.015109,4.875,5.917,7.874,87.198127,78.041,114.455,126.085
carma-gate7-onnx-v5,20260831T165417640322Z-f59d64d93a55,040c2ce0743218e7b079,36120,0,363ad586f1389dadaa2438180580c502682b785a5742185c86d11fd555529934,full,20261205,CARMA,0,e2d04c6c6405fc14c2c375740a5093b5cec1563828b089e385741bc165a82164,3000,100,768,True,True,23fe811e7ec1c9815cc5533fd791eb739a0d5c82fe703bb722c09d18414a0f81,True,True,61f97719508d7c947e4671b73fbf020bb58181880403064a9b3c925d293f0fe1,08b07b65f2fa8de6eab2d116a6597cf7714535159bed760393eb269a21499ca3,a0d663246f5e618e1166cd4b4eb33a989a94005f7d8dfd755cbe5aedd3960722,0d09b38ae15d81d34fee00ace680eddccb96fa6642f7ddf4f66fb496e1aab690,0d09b38ae15d81d34fee00ace680eddccb96fa6642f7ddf4f66fb496e1aab690,True,True,af8dd7ee021644802c30f27709e46ad77e65425d527ecdca8346995dea83d7ce,41f1aee1afa8c01eecd6f60e8097836cb8e97bae95bf2f7fe34d85c5764f9deb,3000,9216000,1720,1280,1720,0,0,0,0,0,0,0,0,0,0,0,0,0,True,,PASS_OBSERVED,c9a66bff12bab1f6aef76e512c922d7a908518611ffb3082144f589feac6fdb2,852d7d36f9baee233252214b9fb1d41b3497527a4fc19d8edc7df8f4300eb8d8,100,100,1180,0,1494.850223701,1495.008078625,2.00689,2.00689,2.006678,90863005312541,92358013391166,1488.61464576,4.50545792,1493.12010368,1494.470580224,6.766581248,1495.418214917,99.846323,,,,,404733952,362676224,451215360,404733952,416317440,414899344.329,416317440,416317440,11583488,11583488,,,,,,,ff5b1775fede0b963c088341ded4db2c2dfe871479ac4459ffa125a598ea0a3c,41,42,100,100,0,100,498283.4079,496883.0,500930.208,509105.458,3175.723834,2003.667,5654.749,6058.707,495107.684066,494630.417,497660.124,503608.333,51.96701,39.791,73.75,211.959,2925.672372,1863.625,5183.125,5567.333,105.854181,9.375,252.626,261.166,875.024599,9.375,2709.459,2961.583,5.026512,4.918,5.834,7.958,85.731519,76.123,114.166,123.497
carma-gate7-onnx-v5,20260831T165417640322Z-f59d64d93a55,5bdb30dbf3a4f43f4210,36405,0,6fdb0da4c2230b5fd7ecd880b023e6624fa83b13447e617c2f288ef58d20bec2,full,20261205,LRU,1,e2d04c6c6405fc14c2c375740a5093b5cec1563828b089e385741bc165a82164,3000,100,768,True,True,23fe811e7ec1c9815cc5533fd791eb739a0d5c82fe703bb722c09d18414a0f81,True,True,61f97719508d7c947e4671b73fbf020bb58181880403064a9b3c925d293f0fe1,08b07b65f2fa8de6eab2d116a6597cf7714535159bed760393eb269a21499ca3,a0d663246f5e618e1166cd4b4eb33a989a94005f7d8dfd755cbe5aedd3960722,0d09b38ae15d81d34fee00ace680eddccb96fa6642f7ddf4f66fb496e1aab690,0d09b38ae15d81d34fee00ace680eddccb96fa6642f7ddf4f66fb496e1aab690,True,True,af8dd7ee021644802c30f27709e46ad77e65425d527ecdca8346995dea83d7ce,41f1aee1afa8c01eecd6f60e8097836cb8e97bae95bf2f7fe34d85c5764f9deb,3000,9216000,1640,1360,1640,0,0,0,0,0,0,0,0,0,0,0,0,0,True,,PASS_OBSERVED,c9a66bff12bab1f6aef76e512c922d7a908518611ffb3082144f589feac6fdb2,852d7d36f9baee233252214b9fb1d41b3497527a4fc19d8edc7df8f4300eb8d8,100,1360,0,1260,1496.378364719,1496.5380705,2.004841,2.004841,2.004627,92405963038666,93902501109166,1490.01682944,4.646295296,1494.663124736,1495.855714304,6.946190592,1496.948828333,99.847309,,,,,405012480,362954752,425426944,405012480,390479872,392429211.231,414416896,414416896,9404416,-14532608,,,,,,,ff5b1775fede0b963c088341ded4db2c2dfe871479ac4459ffa125a598ea0a3c,42,42,100,100,0,100,498792.78824,497504.416,501324.917,510515.458,3294.966189,2050.584,5735.084,6138.916,495497.822051,495019.083,496810.126,505631.708,68.944492,41.208,114.334,256.458,3118.859805,1922.875,5426.25,5792.918,13.55763,4.208,32.084,35.374,929.832358,4.208,2759.042,3002.042,5.057263,4.959,5.832,7.876,87.105998,77.25,112.625,123.124
carma-gate7-onnx-v5,20260831T165417640322Z-f59d64d93a55,a68f85e50a021faa3607,36727,0,8bf0e9f258b4c9970eb6edbd3f84d4a92e976b21434eeb9239409a96d82ff213,full,20261205,LFU,2,e2d04c6c6405fc14c2c375740a5093b5cec1563828b089e385741bc165a82164,3000,100,768,True,True,23fe811e7ec1c9815cc5533fd791eb739a0d5c82fe703bb722c09d18414a0f81,True,True,61f97719508d7c947e4671b73fbf020bb58181880403064a9b3c925d293f0fe1,08b07b65f2fa8de6eab2d116a6597cf7714535159bed760393eb269a21499ca3,a0d663246f5e618e1166cd4b4eb33a989a94005f7d8dfd755cbe5aedd3960722,0d09b38ae15d81d34fee00ace680eddccb96fa6642f7ddf4f66fb496e1aab690,0d09b38ae15d81d34fee00ace680eddccb96fa6642f7ddf4f66fb496e1aab690,True,True,af8dd7ee021644802c30f27709e46ad77e65425d527ecdca8346995dea83d7ce,41f1aee1afa8c01eecd6f60e8097836cb8e97bae95bf2f7fe34d85c5764f9deb,3000,9216000,1720,1280,1720,0,0,0,0,0,0,0,0,0,0,0,0,0,True,,PASS_OBSERVED,c9a66bff12bab1f6aef76e512c922d7a908518611ffb3082144f589feac6fdb2,852d7d36f9baee233252214b9fb1d41b3497527a4fc19d8edc7df8f4300eb8d8,100,1280,0,1180,1496.362855546,1496.520044209,2.004861,2.004861,2.004651,93951182773541,95447702817750,1490.19830272,4.467230208,1494.665532928,1496.021727232,6.772049152,1496.929063708,99.848788,,,,,406159360,364101632,451854336,406159360,417169408,416180726.458,417169408,417169408,11010048,11010048,,,,,,,ff5b1775fede0b963c088341ded4db2c2dfe871479ac4459ffa125a598ea0a3c,42,42,100,100,0,100,498787.618515,497572.25,501462.167,510096.417,3151.213333,1972.542,5602.126,5992.834,495636.405183,495255.917,496552.166,506520.499,52.481336,39.375,74.292,218.46,2993.279358,1845.917,5355.836,5711.624,13.265098,3.834,32.585,34.626,845.947,3.834,2639.542,2921.5,4.801907,4.709,5.624,7.709,85.931192,75.999,112.711,122.375
