seed,check,observed_value,unit,operator,frozen_bound,passed,carma_run_id,lru_run_id
20261001,p95_ratio,1.0590561419051763,ratio,<=,1.25,true,1eb31986a8ec7c2ecc4c,32eb53b19c4b994eab23
20261001,p95_delta,26230125,ns,<=,500000,false,1eb31986a8ec7c2ecc4c,32eb53b19c4b994eab23
20261001,throughput_ratio,0.9790225102539238,ratio,>=,0.9,true,1eb31986a8ec7c2ecc4c,32eb53b19c4b994eab23
20261001,rss_ratio,0.9451256281407036,ratio,<=,1.2,true,1eb31986a8ec7c2ecc4c,32eb53b19c4b994eab23
20261001,rss_delta,-22364160,bytes,<=,67108864,true,1eb31986a8ec7c2ecc4c,32eb53b19c4b994eab23
20261002,p95_ratio,0.7878497542456729,ratio,<=,1.25,true,53afa2c0435d11d7048b,83ab7e8b2d21736622cf
20261002,p95_delta,-117612083,ns,<=,500000,true,53afa2c0435d11d7048b,83ab7e8b2d21736622cf
20261002,throughput_ratio,1.0655692929619227,ratio,>=,0.9,true,53afa2c0435d11d7048b,83ab7e8b2d21736622cf
20261002,rss_ratio,1.0119985601727792,ratio,<=,1.2,true,53afa2c0435d11d7048b,83ab7e8b2d21736622cf
20261002,rss_delta,4915200,bytes,<=,67108864,true,53afa2c0435d11d7048b,83ab7e8b2d21736622cf
20261003,p95_ratio,0.9812090022093065,ratio,<=,1.25,true,103792d36bd5092eb346,cca0d14de5ac69d49e0c
20261003,p95_delta,-8314250,ns,<=,500000,true,103792d36bd5092eb346,cca0d14de5ac69d49e0c
20261003,throughput_ratio,1.0070709729183547,ratio,>=,0.9,true,103792d36bd5092eb346,cca0d14de5ac69d49e0c
20261003,rss_ratio,1.0185772178309191,ratio,<=,1.2,true,103792d36bd5092eb346,cca0d14de5ac69d49e0c
20261003,rss_delta,7585792,bytes,<=,67108864,true,103792d36bd5092eb346,cca0d14de5ac69d49e0c
20261004,p95_ratio,0.9904575419100403,ratio,<=,1.25,true,b4535f1c1fe021970a42,38f210c51afc8e0ba402
20261004,p95_delta,-4185208,ns,<=,500000,true,b4535f1c1fe021970a42,38f210c51afc8e0ba402
20261004,throughput_ratio,1.00545505538356,ratio,>=,0.9,true,b4535f1c1fe021970a42,38f210c51afc8e0ba402
20261004,rss_ratio,1.0126360266273369,ratio,<=,1.2,true,b4535f1c1fe021970a42,38f210c51afc8e0ba402
20261004,rss_delta,5193728,bytes,<=,67108864,true,b4535f1c1fe021970a42,38f210c51afc8e0ba402
20261005,p95_ratio,0.9981008929462739,ratio,<=,1.25,true,c596e00592e263aa24e4,7ae2730c73be96b784f3
20261005,p95_delta,-825167,ns,<=,500000,true,c596e00592e263aa24e4,7ae2730c73be96b784f3
20261005,throughput_ratio,1.0028585840091953,ratio,>=,0.9,true,c596e00592e263aa24e4,7ae2730c73be96b784f3
20261005,rss_ratio,1.0043906491040702,ratio,<=,1.2,true,c596e00592e263aa24e4,7ae2730c73be96b784f3
20261005,rss_delta,1818624,bytes,<=,67108864,true,c596e00592e263aa24e4,7ae2730c73be96b784f3
