attempt_id,seed,policy,order_position,run_id,requests,child_exit_status,end_to_end_p50_us,end_to_end_p95_us,end_to_end_p99_us,embedding_p95_us,faiss_p95_us,policy_exclusive_p95_us,sqlite_p95_us,response_return_p95_us,service_throughput_qps,rss_peak_bytes,structural_valid,semantic_guardrail_status,hits,same_concept_hits,direct_negative_hits,unlabeled_cross_concept_hits
20260827T131743602373Z-557c6ac0578c,20261001,CARMA,0,1eb31986a8ec7c2ecc4c,3000,0,440213.125,470385.875,662956.75,467446.875,87.001,545.792,4561.626,6.999,2.240432,385187840,True,FAIL,1721,1720,1,0
20260827T131743602373Z-557c6ac0578c,20261001,LFU,1,793b353b3b79a499f915,3000,0,437000.166,444712.458,476529.125,441280.125,71.584,31.874,4594.292,6.374,2.283686,403210240,True,FAIL,1721,1720,1,0
20260827T131743602373Z-557c6ac0578c,20261001,LRU,2,32eb53b19c4b994eab23,3000,0,436351.875,444155.75,466004.958,440902.75,76.334,31.584,4562.083,6.334,2.288438,407552000,True,PASS_OBSERVED,1640,1640,0,0
20260827T131743602373Z-557c6ac0578c,20261002,LFU,0,903a4e5ef29f64b7d958,3000,0,438170.375,463685.667,495982.958,460517.958,82.583,32.541,4642.249,6.958,2.25777,407257088,True,PASS_OBSERVED,1720,1720,0,0
20260827T131743602373Z-557c6ac0578c,20261002,LRU,1,83ab7e8b2d21736622cf,3000,0,432910.458,554381.083,677045.75,549168.833,122.0,41.376,5561.25,7.75,2.179412,409649152,True,FAIL,1641,1640,1,0
20260827T131743602373Z-557c6ac0578c,20261002,CARMA,2,53afa2c0435d11d7048b,3000,0,429992.791,436769.0,443496.625,433861.292,70.541,484.75,4094.625,6.5,2.322314,414564352,True,PASS_OBSERVED,1720,1720,0,0
20260827T131743602373Z-557c6ac0578c,20261003,LRU,0,cca0d14de5ac69d49e0c,3000,0,430266.125,442459.208,488177.75,438912.375,82.417,31.293,4342.917,6.249,2.310636,408338432,True,PASS_OBSERVED,1640,1640,0,0
20260827T131743602373Z-557c6ac0578c,20261003,CARMA,1,103792d36bd5092eb346,3000,0,429450.458,434144.958,452087.666,430701.917,64.417,454.707,4119.417,5.793,2.326975,415924224,True,PASS_OBSERVED,1720,1720,0,0
20260827T131743602373Z-557c6ac0578c,20261003,LFU,2,b7b77b657cbb336beef8,3000,0,428957.583,433972.625,455486.291,431215.124,64.542,29.5,4333.042,5.416,2.328465,414564352,True,PASS_OBSERVED,1720,1720,0,0
20260827T131743602373Z-557c6ac0578c,20261004,LRU,0,38f210c51afc8e0ba402,3000,0,431566.125,438588.041,458429.25,435733.5,74.252,30.627,4411.0,6.001,2.312237,411025408,True,PASS_OBSERVED,1640,1640,0,0
20260827T131743602373Z-557c6ac0578c,20261004,LFU,1,a7fc99e7d7e04d321b4f,3000,0,429879.125,435425.208,456555.625,432935.333,68.709,29.251,4402.292,5.792,2.322285,414793728,True,PENDING_INDETERMINATE,1721,1720,0,1
20260827T131743602373Z-557c6ac0578c,20261004,CARMA,2,b4535f1c1fe021970a42,3000,0,429513.125,434402.833,452547.875,431679.5,67.001,469.751,4147.041,5.96,2.324851,416219136,True,PENDING_INDETERMINATE,1721,1720,0,1
20260827T131743602373Z-557c6ac0578c,20261005,CARMA,0,c596e00592e263aa24e4,3000,0,428518.375,433677.458,452334.833,430840.499,65.625,480.999,4108.043,5.917,2.329811,416022528,True,PASS_OBSERVED,1720,1720,0,0
20260827T131743602373Z-557c6ac0578c,20261005,LRU,1,7ae2730c73be96b784f3,3000,0,429784.583,434502.625,454561.708,431436.498,73.291,29.833,4359.835,5.916,2.32317,414203904,True,PASS_OBSERVED,1640,1640,0,0
20260827T131743602373Z-557c6ac0578c,20261005,LFU,2,9f3ce5f914c91f442cea,3000,0,430214.042,434757.709,455386.666,432019.458,65.959,29.0,4337.873,5.792,2.321005,414613504,True,PASS_OBSERVED,1720,1720,0,0
