item,category,status,estimate,ci_low,ci_high,unit,criterion,source,note
gate_1_correctness,success_gate,pass,,,,,all relevant tests pass and all integrity failures are zero,gate-audit.json,clean-host verifier passed and integration integrity failures are zero
gate_2_semantic_safety,success_gate,fail,,,,,"QQP precision >= 0.99, Wilson lower >= 0.98, and CARMA FHR upper delta bound <= 0.001",gate-audit.json,the QQP calibration precision prerequisite failed before held-out evaluation
gate_3_phase_shift_vhr,success_gate,pass,0.04885,0.04677,0.05088,fraction,"delta >= 0.02, CI low > 0, Holm p <= 0.05",full synthetic metadata reconciled to aggregate.csv,
gate_4_scan_return_vhr,success_gate,fail,6.6666e-05,0.0,0.000166665,fraction,"delta >= 0.05, CI low > 0, Holm p <= 0.05",full synthetic metadata reconciled to aggregate.csv,
gate_5_stationary_nonregression,success_gate,pass,0.07122,0.06572,0.07709025,fraction,delta CI low >= -0.01,full synthetic metadata reconciled to aggregate.csv,
gate_6_token_saving_nonregression,success_gate,pass,,,,,each workload delta CI low >= -0.005,full synthetic metadata reconciled to aggregate.csv,
gate_7_system_overhead,success_gate,pending,,,,,p95 <= 1.25x LRU and <= +0.5 ms; throughput >= 0.90x; peak RSS <= 1.20x and <= +64 MiB,gate-audit.json,the frozen contract requires five seeds and does not define how their per-seed p95/resource values adjudicate one gate
gate_8_reproducibility,success_gate,pass,,,,,two clean Docker CI runs have identical non-timing logs and all pinned downloads verify without credentials,gate-audit.json,two fresh locked containers passed and all declared comparisons match
moss_recorded_response,supplemental_check,pass,,,,,"recorded responses only, zero live model calls and false hits",MOSS runs.csv/manifest.json,
