schema_version,run_id,policy,workload,seed,trace_hash,deterministic_digest,requests,capacity,raw_hits,valid_hits,false_hits,misses,false_misses,reuse_opportunities,valid_hit_rate,false_hit_rate,hit_precision,opportunity_recall,safe_token_saving_ratio,admissions,rejections,evictions,final_cache_entries,mean_latency_us,p50_latency_us,p95_latency_us,p99_latency_us,throughput_qps,policy_topics,policy_cells,policy_ghost_cells,scan_return_requests,scan_return_valid_hits,scan_return_false_hits,scan_return_reuse_opportunities,scan_return_valid_hit_rate,scan_return_false_hit_rate,scan_return_opportunity_recall,shift_recovery_lag_mean_requests,shift_recovery_lag_max_requests,shift_recovery_failures,shift_recovery_transitions_json
carma-benchmark-v2,d76bc9330993dc35b9ae,LRU,stationary,20260825,1312c8e2eae38b177ef6debaf6162befd3b528299ae3ce7e5fc62cd153ec4802,fb6189b33e0af127cff6cdd4943946b85536329c3dacee046334865bc4c80d9a,1000,50,404,404,0,596,223,627,0.404,0.0,1.0,0.64433812,0.2809184,596,0,546,50,0.0,0.0,0.0,0.0,0.0,0,0,0,,,,,,,,,,,
carma-benchmark-v2,55710f78c7dcb5bd3a6c,LFU,stationary,20260825,1312c8e2eae38b177ef6debaf6162befd3b528299ae3ce7e5fc62cd153ec4802,59d47507cc3e18e015c9ffe9051ce4bfc6f5095ed6df7954c4c4d72bff376864,1000,50,429,429,0,571,198,627,0.429,0.0,1.0,0.68421053,0.2929938,571,0,521,50,0.0,0.0,0.0,0.0,0.0,0,0,0,,,,,,,,,,,
carma-benchmark-v2,b3997a7b659212522f4b,CARMA,stationary,20260825,1312c8e2eae38b177ef6debaf6162befd3b528299ae3ce7e5fc62cd153ec4802,e4c186dad6e4d4a934cc545951500fd08f1a753d8e89eb3a8597b9802bfae53f,1000,50,458,458,0,542,169,627,0.458,0.0,1.0,0.73046252,0.34374752,117,425,67,50,0.0,0.0,0.0,0.0,0.0,6,24,11,,,,,,,,,,,
carma-benchmark-v2,2d11cb798039d787a975,CARMA_NO_CLUSTER,stationary,20260825,1312c8e2eae38b177ef6debaf6162befd3b528299ae3ce7e5fc62cd153ec4802,3922e67e16525326b5ba85180544acd28dad63cdc111ff400e5cd9f6215ff3e7,1000,50,489,489,0,511,138,627,0.489,0.0,1.0,0.77990431,0.37016521,194,317,144,50,0.0,0.0,0.0,0.0,0.0,1,24,13,,,,,,,,,,,
carma-benchmark-v2,10b53ecd9f35eb3cddbe,LRU,phase_shift,20260825,33b33e7cb8ce53bf09995fbae11c1a36cc68359a81219347756f4ebffdee6a8e,7c2bc58a884153471da8e9010ff1b27e0880ce11e6e85477b131e37c00075327,1500,50,937,937,0,563,203,1140,0.62466667,0.0,1.0,0.82192982,0.56932577,563,0,513,50,0.0,0.0,0.0,0.0,0.0,0,0,0,,,,,,,,74.0,132,0,"[{""lag_requests"":132,""oracle_tail_opportunity_rate"":0.86666667,""phase"":""shift-1"",""recovered"":true,""requests"":300,""tail_requests"":75,""target_valid_hit_rate"":0.78,""window_requests"":30},{""lag_requests"":106,""oracle_tail_opportunity_rate"":0.8,""phase"":""shift-2"",""recovered"":true,""requests"":300,""tail_requests"":75,""target_valid_hit_rate"":0.72,""window_requests"":30},{""lag_requests"":30,""oracle_tail_opportunity_rate"":0.78666667,""phase"":""shift-3"",""recovered"":true,""requests"":300,""tail_requests"":75,""target_valid_hit_rate"":0.708,""window_requests"":30},{""lag_requests"":28,""oracle_tail_opportunity_rate"":0.84,""phase"":""shift-4"",""recovered"":true,""requests"":300,""tail_requests"":75,""target_valid_hit_rate"":0.756,""window_requests"":30}]"
carma-benchmark-v2,d2b4800184b4a8189a1a,LFU,phase_shift,20260825,33b33e7cb8ce53bf09995fbae11c1a36cc68359a81219347756f4ebffdee6a8e,234fe48e75d0b459032aebc86dafb0df41bef77cb894f9ec7ad59d12127f8dbd,1500,50,792,792,0,708,348,1140,0.528,0.0,1.0,0.69473684,0.44312139,708,0,658,50,0.0,0.0,0.0,0.0,0.0,0,0,0,,,,,,,,231.25,300,2,"[{""lag_requests"":300,""oracle_tail_opportunity_rate"":0.86666667,""phase"":""shift-1"",""recovered"":false,""requests"":300,""tail_requests"":75,""target_valid_hit_rate"":0.78,""window_requests"":30},{""lag_requests"":180,""oracle_tail_opportunity_rate"":0.8,""phase"":""shift-2"",""recovered"":true,""requests"":300,""tail_requests"":75,""target_valid_hit_rate"":0.72,""window_requests"":30},{""lag_requests"":300,""oracle_tail_opportunity_rate"":0.78666667,""phase"":""shift-3"",""recovered"":false,""requests"":300,""tail_requests"":75,""target_valid_hit_rate"":0.708,""window_requests"":30},{""lag_requests"":145,""oracle_tail_opportunity_rate"":0.84,""phase"":""shift-4"",""recovered"":true,""requests"":300,""tail_requests"":75,""target_valid_hit_rate"":0.756,""window_requests"":30}]"
carma-benchmark-v2,6e948dfec20c2e2e1274,CARMA,phase_shift,20260825,33b33e7cb8ce53bf09995fbae11c1a36cc68359a81219347756f4ebffdee6a8e,3cbf64aa3099de5953323b702df46a2daa582aaf096c86404e6e164106eb542c,1500,50,901,901,0,599,239,1140,0.60066667,0.0,1.0,0.79035088,0.52161069,138,461,88,50,0.0,0.0,0.0,0.0,0.0,6,24,15,,,,,,,,192.25,300,1,"[{""lag_requests"":250,""oracle_tail_opportunity_rate"":0.86666667,""phase"":""shift-1"",""recovered"":true,""requests"":300,""tail_requests"":75,""target_valid_hit_rate"":0.78,""window_requests"":30},{""lag_requests"":300,""oracle_tail_opportunity_rate"":0.8,""phase"":""shift-2"",""recovered"":false,""requests"":300,""tail_requests"":75,""target_valid_hit_rate"":0.72,""window_requests"":30},{""lag_requests"":127,""oracle_tail_opportunity_rate"":0.78666667,""phase"":""shift-3"",""recovered"":true,""requests"":300,""tail_requests"":75,""target_valid_hit_rate"":0.708,""window_requests"":30},{""lag_requests"":92,""oracle_tail_opportunity_rate"":0.84,""phase"":""shift-4"",""recovered"":true,""requests"":300,""tail_requests"":75,""target_valid_hit_rate"":0.756,""window_requests"":30}]"
carma-benchmark-v2,1c4350b27a5663315674,CARMA_NO_CLUSTER,phase_shift,20260825,33b33e7cb8ce53bf09995fbae11c1a36cc68359a81219347756f4ebffdee6a8e,00ad41482c6f9737c995d056695fdf8832634c5f022c5e42805e41c9e55cbf2f,1500,50,954,954,0,546,186,1140,0.636,0.0,1.0,0.83684211,0.56870654,263,283,213,50,0.0,0.0,0.0,0.0,0.0,1,24,16,,,,,,,,147.75,246,0,"[{""lag_requests"":246,""oracle_tail_opportunity_rate"":0.86666667,""phase"":""shift-1"",""recovered"":true,""requests"":300,""tail_requests"":75,""target_valid_hit_rate"":0.78,""window_requests"":30},{""lag_requests"":180,""oracle_tail_opportunity_rate"":0.8,""phase"":""shift-2"",""recovered"":true,""requests"":300,""tail_requests"":75,""target_valid_hit_rate"":0.72,""window_requests"":30},{""lag_requests"":70,""oracle_tail_opportunity_rate"":0.78666667,""phase"":""shift-3"",""recovered"":true,""requests"":300,""tail_requests"":75,""target_valid_hit_rate"":0.708,""window_requests"":30},{""lag_requests"":95,""oracle_tail_opportunity_rate"":0.84,""phase"":""shift-4"",""recovered"":true,""requests"":300,""tail_requests"":75,""target_valid_hit_rate"":0.756,""window_requests"":30}]"
carma-benchmark-v2,98fc9598322448cbaf8f,LRU,pollution_scan,20260825,20f6ff91585d15e59208b644ddd1e61770dee4f944ef62867b19cc6dc62457f1,d41171346c4a20179f0162d840a1e2faae9456eeb13c0af9f1971e984139c086,1200,50,644,644,0,556,36,680,0.53666667,0.0,1.0,0.94705882,0.36366434,556,0,506,50,0.0,0.0,0.0,0.0,0.0,0,0,0,360,321,0,357,0.89166667,0.0,0.89915966,,,,
carma-benchmark-v2,3ac047de3c71c9d33752,LFU,pollution_scan,20260825,20f6ff91585d15e59208b644ddd1e61770dee4f944ef62867b19cc6dc62457f1,90643ce620c7985258f06a7d5be072c5ac47da963905cebd20a7ed8262a8eb6a,1200,50,669,669,0,531,11,680,0.5575,0.0,1.0,0.98382353,0.39026308,531,0,481,50,0.0,0.0,0.0,0.0,0.0,0,0,0,360,346,0,357,0.96111111,0.0,0.96918768,,,,
carma-benchmark-v2,d1cb6cb9445d621ef97e,CARMA,pollution_scan,20260825,20f6ff91585d15e59208b644ddd1e61770dee4f944ef62867b19cc6dc62457f1,90ac4e838d355d1f5a03c1755a9172099bc6bfd97e1c90e4fe448e0cd923011d,1200,50,575,575,0,625,105,680,0.47916667,0.0,1.0,0.84558824,0.29789398,162,463,112,50,0.0,0.0,0.0,0.0,0.0,6,18,2,360,252,0,357,0.7,0.0,0.70588235,,,,
carma-benchmark-v2,95eeac1c8fa429829498,CARMA_NO_CLUSTER,pollution_scan,20260825,20f6ff91585d15e59208b644ddd1e61770dee4f944ef62867b19cc6dc62457f1,1d2886629162083f7cee562417c99edcf273479f05339f470490f38c108aa8e5,1200,50,631,631,0,569,49,680,0.52583333,0.0,1.0,0.92794118,0.35020257,209,360,159,50,0.0,0.0,0.0,0.0,0.0,1,18,8,360,308,0,357,0.85555556,0.0,0.8627451,,,,
carma-benchmark-v2,30f61f424e0b782b41db,LRU,novel,20260825,c792eb90f50c8f876174c6dad2c39b25a25434493d4fab93833e19630e146d5b,692a5aea3f4d7dc47d206cecc80a85fc4b81ecb69eb990e821f30e13825a38f2,200,50,0,0,0,200,0,0,0.0,0.0,0.0,0.0,0.0,200,0,150,50,0.0,0.0,0.0,0.0,0.0,0,0,0,,,,,,,,,,,
carma-benchmark-v2,52128b655632750a751f,LFU,novel,20260825,c792eb90f50c8f876174c6dad2c39b25a25434493d4fab93833e19630e146d5b,ea12ef0473be9a283bf3661921aff977b07080e99fa7f03a383975c5e18c9a7f,200,50,0,0,0,200,0,0,0.0,0.0,0.0,0.0,0.0,200,0,150,50,0.0,0.0,0.0,0.0,0.0,0,0,0,,,,,,,,,,,
carma-benchmark-v2,1b4833220c3a18d3bbb9,CARMA,novel,20260825,c792eb90f50c8f876174c6dad2c39b25a25434493d4fab93833e19630e146d5b,748b332b4f58afec54a3d211a775f3081eb22367125195beb542d828f428fd7a,200,50,0,0,0,200,0,0,0.0,0.0,0.0,0.0,0.0,122,78,72,50,0.0,0.0,0.0,0.0,0.0,2,7,0,,,,,,,,,,,
carma-benchmark-v2,ca5ec4a8d7b926c8d47d,CARMA_NO_CLUSTER,novel,20260825,c792eb90f50c8f876174c6dad2c39b25a25434493d4fab93833e19630e146d5b,5778d403be9280a0360cfbe97bf0ef97b8f64743889b09e91775b477e1fb729a,200,50,0,0,0,200,0,0,0.0,0.0,0.0,0.0,0.0,122,78,72,50,0.0,0.0,0.0,0.0,0.0,1,7,0,,,,,,,,,,,
