threshold,true_positive,false_positive,true_negative,false_negative,precision,recall,false_positive_rate,wilson_precision_lower_one_sided_95,false_hit_rate,false_hit_rate_definition,wilson_false_hit_rate_upper_one_sided_95
0.8,4217,359,1718,1435,0.9215472027972028,0.7461075725406936,0.17284545016851227,0.9147572637896041,0.04644844093673179,FP / (TP + FP + TN + FN),0.050547184833073966
0.81,4055,333,1744,1597,0.9241112123974475,0.717445152158528,0.16032739528165624,0.9172709659751802,0.0430844869970242,FP / (TP + FP + TN + FN),0.04704601746639303
0.82,3866,308,1769,1786,0.9262098706276952,0.6840056617126681,0.14829080404429465,0.9192743447944268,0.03984991590115151,FP / (TP + FP + TN + FN),0.043673564778802354
0.83,3653,278,1799,1999,0.9292800814042228,0.6463198867657466,0.13384689455946075,0.9222552342572563,0.035968430586104286,FP / (TP + FP + TN + FN),0.039617931905363335
0.84,3410,250,1827,2242,0.9316939890710383,0.6033262561924982,0.1203659123736158,0.9245113565113964,0.032345710958726875,FP / (TP + FP + TN + FN),0.03582286705493398
0.85,3194,216,1861,2458,0.9366568914956012,0.5651096956829441,0.10399614829080404,0.9294436642914169,0.027946694268340018,FP / (TP + FP + TN + FN),0.031199487937907167
0.86,2952,196,1881,2700,0.9377382465057179,0.5222929936305732,0.09436687530091478,0.9302717078914682,0.02535903739164187,FP / (TP + FP + TN + FN),0.02847070095331916
0.87,2735,176,1901,2917,0.9395396770869117,0.48389950460014153,0.08473760231102552,0.9318573950362773,0.022771380514943717,FP / (TP + FP + TN + FN),0.02573387100665736
0.88,2458,160,1917,3194,0.9388846447669977,0.4348903043170559,0.07703418391911411,0.9307216183198128,0.020701255013585197,FP / (TP + FP + TN + FN),0.02353770687136658
0.89,2215,135,1942,3437,0.9425531914893617,0.3918966737438075,0.06499759268175252,0.93413692255752,0.01746668391771251,FP / (TP + FP + TN + FN),0.020091924055030574
0.9,1982,110,1967,3670,0.9474187380497132,0.35067232837933476,0.05296100144439095,0.9387986193190578,0.014232112821839824,FP / (TP + FP + TN + FN),0.016624311053432206
0.91,1735,83,1994,3917,0.9543454345434543,0.3069709837225761,0.03996148290804044,0.9455955954114675,0.010738776038297322,FP / (TP + FP + TN + FN),0.01284563744522682
0.92,1507,68,2009,4145,0.9568253968253968,0.26663128096249117,0.0327395281656235,0.947588869558596,0.00879803338077371,FP / (TP + FP + TN + FN),0.010725236583520648
0.93,1288,50,2027,4364,0.9626307922272048,0.2278839348903043,0.02407318247472316,0.9531260547733342,0.0064691421917453746,FP / (TP + FP + TN + FN),0.008151451114866926
0.94,1097,40,2037,4555,0.9648197009674582,0.1940905874026893,0.019258545979778528,0.9546722684818518,0.005175313753396299,FP / (TP + FP + TN + FN),0.006701832748969072
0.95,875,30,2047,4777,0.9668508287292817,0.15481245576786978,0.014443909484833895,0.955586790515828,0.003881485315047225,FP / (TP + FP + TN + FN),0.005231147839957595
0.96,684,17,2060,4968,0.9757489300998573,0.12101910828025478,0.008184882041405874,0.9642078179927354,0.0021995083451934274,FP / (TP + FP + TN + FN),0.0032671911608717075
0.97,482,13,2064,5170,0.9737373737373738,0.08527954706298656,0.006259027443428021,0.9590936905679225,0.0016819769698537975,FP / (TP + FP + TN + FN),0.0026424750070361824
0.98,316,7,2070,5336,0.978328173374613,0.055909412597310686,0.003370245546461242,0.960501761194787,0.0009056799068443525,FP / (TP + FP + TN + FN),0.001669511181775829
0.99,104,2,2075,5548,0.9811320754716981,0.01840056617126681,0.0009629272989889263,0.9445781794113792,0.00025876568766981497,FP / (TP + FP + TN + FN),0.0007816434130808458
